playerID,yearID
aaronha01,1955
aaronha01,1956
aaronha01,1957
aaronha01,1958
aaronha01,1959
aaronha01,1959
aaronha01,1960
aaronha01,1960
aaronha01,1961
aaronha01,1961
aaronha01,1962
aaronha01,1962
aaronha01,1963
aaronha01,1964
aaronha01,1965
aaronha01,1966
aaronha01,1967
aaronha01,1968
aaronha01,1969
aaronha01,1970
aaronha01,1971
aaronha01,1972
aaronha01,1973
aaronha01,1974
aaronha01,1975
aasedo01,1986
abbotan01,2025
abernro01,1947
abramcj01,2024
abreubo01,2004
abreubo01,2005
abreujo02,2014
abreujo02,2018
abreujo02,2019
acunaro01,2019
acunaro01,2021
acunaro01,2022
acunaro01,2023
acunaro01,2025
adamja01,2025
adamsac01,1943
adamsem01,1940
adcocjo01,1960
adcocjo01,1960
ageeto01,1966
ageeto01,1967
aguilje01,2018
aguilri01,1991
aguilri01,1992
aguilri01,1993
aguirha01,1962
albieoz01,2018
albieoz01,2021
albieoz01,2023
alcansa01,2019
alcansa01,2022
alexado01,1988
alfoned01,2000
allendi01,1965
allendi01,1966
allendi01,1967
allendi01,1970
allendi01,1972
allendi01,1973
allendi01,1974
allenjo02,1938
allenne02,1936
allenne02,1937
allenne02,1938
allenne02,1941
allenne02,1943
alleyge01,1967
alleyge01,1968
allisbo01,1959
allisbo01,1963
allisbo01,1964
alomaro01,1990
alomaro01,1991
alomaro01,1992
alomaro01,1993
alomaro01,1994
alomaro01,1995
alomaro01,1996
alomaro01,1997
alomaro01,1998
alomaro01,1999
alomaro01,2000
alomaro01,2001
alomasa01,1970
alomasa02,1990
alomasa02,1991
alomasa02,1992
alomasa02,1996
alomasa02,1997
alomasa02,1998
alonspe01,2019
alonspe01,2022
alonspe01,2023
alonspe01,2024
alonspe01,2025
alonsyo01,2017
aloufe01,1962
aloufe01,1966
aloufe01,1968
alouma01,1968
alouma01,1969
aloumo01,1994
aloumo01,1997
aloumo01,1998
aloumo01,2001
aloumo01,2004
aloumo01,2005
altmage01,1961
altmage01,1961
altmage01,1962
altuvjo01,2012
altuvjo01,2014
altuvjo01,2015
altuvjo01,2016
altuvjo01,2017
altuvjo01,2018
altuvjo01,2021
altuvjo01,2022
altuvjo01,2024
alvarhe01,2014
alvarpe01,2013
alvarwi01,1994
alvaryo01,2022
alvaryo01,2023
alvaryo01,2024
alvisma01,1965
alvisma01,1967
anderbr01,1992
anderbr01,1996
anderbr01,1997
anderga01,2002
anderga01,2003
anderga01,2005
anderti01,2021
anderti01,2022
anderty01,2022
anderty01,2024
andremi01,1969
andrena01,1944
andruel01,2010
andruel01,2012
andujjo01,1977
andujjo01,1979
andujjo01,1984
andujjo01,1985
antonjo02,1954
antonjo02,1956
antonjo02,1957
antonjo02,1958
antonjo02,1959
antonjo02,1959
aparilu01,1958
aparilu01,1959
aparilu01,1959
aparilu01,1960
aparilu01,1960
aparilu01,1961
aparilu01,1962
aparilu01,1962
aparilu01,1963
aparilu01,1964
aparilu01,1970
aparilu01,1971
aparilu01,1972
appieke01,1995
applilu01,1936
applilu01,1939
applilu01,1940
applilu01,1941
applilu01,1943
applilu01,1946
applilu01,1947
arandjo01,2025
archech01,2015
archech01,2017
arciaor01,2023
arenano01,2015
arenano01,2016
arenano01,2017
arenano01,2018
arenano01,2019
arenano01,2021
arenano01,2022
arenano01,2023
armasto01,1981
armasto01,1984
armoubu01,1941
armoubu01,1944
armoubu01,1945
armoubu01,1947
armstja01,1990
arnolpa01,1935
arnovmo01,1939
arozara01,2023
arozara01,2025
arraelu01,2022
arraelu01,2023
arraelu01,2024
arrieja01,2016
arrojro01,1998
arroybr01,2006
arroylu01,1955
arroylu01,1961
ashburi01,1948
ashburi01,1951
ashburi01,1953
ashburi01,1958
ashburi01,1962
ashbyan01,1998
ashbyan01,1999
atwelto01,1952
aurilri01,2001
ausmubr01,1999
austifr01,1945
austifr01,1946
austifr01,1947
austifr01,1948
averiea01,1933
averiea01,1934
averiea01,1935
averiea01,1936
averiea01,1937
averiea01,1938
averyst01,1993
avilaal01,2011
avilabo01,1952
avilabo01,1954
avilabo01,1955
aybarer01,2014
azcuejo01,1968
baergca01,1992
baergca01,1993
baergca01,1995
baezda01,2005
baezja01,2018
baezja01,2019
baezja01,2025
bagbyji02,1942
bagbyji02,1943
bagweje01,1994
bagweje01,1996
bagweje01,1997
bagweje01,1999
bailean01,2009
bailean01,2010
baileed01,1956
baileed01,1957
baileed01,1960
baileed01,1960
baileed01,1961
baileed01,1963
baineha01,1985
baineha01,1986
baineha01,1987
baineha01,1989
baineha01,1991
baineha01,1999
bakerdu01,1981
bakerdu01,1982
bakerge02,1955
baldwja01,2000
balfogr01,2013
bandosa01,1969
bandosa01,1972
bandosa01,1973
bandosa01,1974
bankhda01,1941
bankhda01,1946
bankhda01,1947
bankhfr01,1942
bankhsa01,1933
bankhsa01,1934
bankhsa01,1936
bankhsa01,1938
bankhsa01,1942
bankhsa01,1943
bankhsa01,1943
bankhsa01,1944
bankhsa01,1945
bankhsa01,1946
bankser01,1955
bankser01,1956
bankser01,1957
bankser01,1958
bankser01,1959
bankser01,1959
bankser01,1960
bankser01,1960
bankser01,1961
bankser01,1962
bankser01,1962
bankser01,1965
bankser01,1967
bankser01,1969
bannifl01,1982
barbebu01,1940
barbest01,1963
barbest01,1966
barfije01,1986
barkele01,1981
barkema01,1940
barkema01,1943
barkema01,1945
barkema01,1948
barnema01,2021
barneve01,1937
barnhda01,1941
barnhda01,1942
barnhda01,1943
barnhda01,1943
barnhda01,1943
barnhda01,1945
barnhda01,1948
barrere01,1945
bartedi01,1933
bartedi01,1937
bartlja01,2009
bassepe01,1937
bassepe01,1939
bassepe01,1939
bassepe01,1941
bassepe01,1945
bassepe01,1947
bassepe01,1948
bassich01,2021
basske01,1986
batisto01,2000
batisto01,2002
batteea01,1962
batteea01,1962
batteea01,1963
batteea01,1965
batteea01,1966
bauerha01,1952
bauerha01,1953
bauerha01,1954
bauertr01,2018
bautife01,2023
bautijo02,2010
bautijo02,2011
bautijo02,2012
bautijo02,2013
bautijo02,2014
bautijo02,2015
bayja01,2005
bayja01,2006
bayja01,2009
baylodo01,1979
beckegl01,1969
beckegl01,1970
beckegl01,1971
beckegl01,1972
beckejo02,2007
beckejo02,2009
beckejo02,2011
beckro01,1993
beckro01,1994
beckro01,1997
bednada01,2022
bednada01,2023
bedrost01,1987
belanma01,1976
bellbe01,1937
bellbu01,1973
bellbu01,1980
bellbu01,1981
bellbu01,1982
bellbu01,1984
bellco99,1933
bellco99,1934
bellco99,1935
bellco99,1936
bellco99,1942
bellco99,1943
bellco99,1944
bellco99,1945
belleal01,1993
belleal01,1994
belleal01,1995
belleal01,1996
belleal01,1997
bellga01,1960
bellga01,1960
bellga01,1966
bellga01,1968
bellge02,1987
bellge02,1990
bellge02,1991
bellgu01,1953
bellgu01,1954
bellgu01,1956
bellgu01,1957
bellhe01,2009
bellhe01,2010
bellhe01,2011
bellico01,2017
bellico01,2019
belliro01,2004
bellja01,1993
bellja01,1999
belljo02,2019
beltbr01,2016
beltrad01,2010
beltrad01,2011
beltrad01,2012
beltrad01,2014
beltrca01,2004
beltrca01,2005
beltrca01,2006
beltrca01,2007
beltrca01,2009
beltrca01,2011
beltrca01,2012
beltrca01,2013
beltrca01,2016
benchjo01,1968
benchjo01,1969
benchjo01,1970
benchjo01,1971
benchjo01,1972
benchjo01,1973
benchjo01,1974
benchjo01,1975
benchjo01,1976
benchjo01,1977
benchjo01,1978
benchjo01,1979
benchjo01,1980
benchjo01,1983
benedbr01,1981
benedbr01,1983
benesan01,1993
beninan01,2022
benitar01,2003
benitar01,2004
benjaje01,1937
benjaje01,1943
benjaje01,1943
benjaje01,1945
benjaje01,1945
bennebr01,1940
bensoge01,1940
bensoge01,1943
bensoge01,1945
bensoge01,1946
bentoal01,1941
bentoal01,1942
bereja01,1994
bergewa01,1933
bergewa01,1934
bergewa01,1935
bergewa01,1936
berkmla01,2001
berkmla01,2002
berkmla01,2004
berkmla01,2006
berkmla01,2008
berkmla01,2011
berrayo01,1948
berrayo01,1949
berrayo01,1950
berrayo01,1951
berrayo01,1952
berrayo01,1953
berrayo01,1954
berrayo01,1955
berrayo01,1956
berrayo01,1957
berrayo01,1958
berrayo01,1959
berrayo01,1959
berrayo01,1960
berrayo01,1960
berrayo01,1961
berrayo01,1961
berrayo01,1962
berrijo01,2018
berrijo01,2019
berryke01,1967
betande01,2014
betande01,2015
betande01,2016
betande01,2017
bettsmo01,2016
bettsmo01,2017
bettsmo01,2018
bettsmo01,2019
bettsmo01,2021
bettsmo01,2022
bettsmo01,2023
bettsmo01,2024
bibbsra01,1937
bibbyji01,1980
bichebo01,2021
bichebo01,2023
bicheda01,1994
bicheda01,1995
bicheda01,1996
bicheda01,1998
bickfve01,1949
biebesh01,2019
biebesh01,2021
biggicr01,1991
biggicr01,1992
biggicr01,1994
biggicr01,1995
biggicr01,1996
biggicr01,1997
biggicr01,1998
billich01,2009
billija01,1973
biotch01,1940
blackch02,2014
blackch02,2017
blackch02,2018
blackch02,2019
blackew01,1946
blackew01,1947
blackew01,1948
blackew01,1949
blackew01,1950
blackew01,1951
blackjo02,1947
blackjo02,1948
blackpa01,2022
blairpa01,1969
blairpa01,1973
blaloha01,2003
blaloha01,2004
blanche02,1942
blantcy01,1937
blantcy01,1941
blasido01,1958
blassst01,1972
blausje01,1993
blausje01,1997
bluegos01,1935
bluevi01,1971
bluevi01,1975
bluevi01,1977
bluevi01,1978
bluevi01,1980
bluevi01,1981
blylebe01,1973
blylebe01,1985
bochtbr01,1979
boddimi01,1984
bogaexa01,2016
bogaexa01,2019
bogaexa01,2021
bogaexa01,2022
boggswa01,1985
boggswa01,1986
boggswa01,1987
boggswa01,1988
boggswa01,1989
boggswa01,1990
boggswa01,1991
boggswa01,1992
boggswa01,1993
boggswa01,1994
boggswa01,1995
boggswa01,1996
bohmal01,2024
bollifr01,1961
bollifr01,1961
bollifr01,1962
bollifr01,1962
bondsba01,1990
bondsba01,1992
bondsba01,1993
bondsba01,1994
bondsba01,1995
bondsba01,1996
bondsba01,1997
bondsba01,1998
bondsba01,2000
bondsba01,2001
bondsba01,2002
bondsba01,2003
bondsba01,2004
bondsba01,2007
bondsbo01,1971
bondsbo01,1973
bondsbo01,1975
bonesri01,1994
bonhati01,1942
bonhati01,1943
bonilbo01,1988
bonilbo01,1989
bonilbo01,1990
bonilbo01,1991
bonilbo01,1993
bonilbo01,1995
booneaa01,2003
boonebo01,1976
boonebo01,1978
boonebo01,1979
boonebo01,1983
boonebr01,1998
boonebr01,2001
boonebr01,2003
boonele01,1940
boonera01,1954
boonera01,1956
bordimi01,2000
borowha01,1944
borowha01,1945
bostoly02,1941
bottari01,1996
botteke01,1999
boudrlo01,1940
boudrlo01,1941
boudrlo01,1942
boudrlo01,1943
boudrlo01,1944
boudrlo01,1945
boudrlo01,1947
boudrlo01,1948
bournmi01,2010
bournmi01,2012
boutoji01,1963
bowala01,1974
bowala01,1975
bowala01,1976
bowala01,1978
bowala01,1979
boxbebr01,2015
boydbo01,1947
boydbo01,1948
boydma01,2025
boyerke01,1956
boyerke01,1959
boyerke01,1959
boyerke01,1960
boyerke01,1960
boyerke01,1961
boyerke01,1961
boyerke01,1962
boyerke01,1962
boyerke01,1963
boyerke01,1964
brachbr01,2016
bradlja02,2016
bradlmi01,2008
bradlph01,1985
brancra01,1947
brancra01,1948
brancra01,1949
brandja01,1961
brandja01,1961
brantje01,1990
brantmi02,2014
brantmi02,2017
brantmi02,2018
brantmi02,2019
brantmi02,2021
braunry02,2008
braunry02,2009
braunry02,2010
braunry02,2012
braunry02,2015
brechha01,1947
brechha01,1948
bregmal01,2018
bregmal01,2019
bregmal01,2025
bremeeu01,1940
bremeeu01,1940
bremeeu01,1942
bremeeu01,1944
bremeeu01,1945
brenlbo01,1984
bressed01,1964
brettge01,1976
brettge01,1977
brettge01,1978
brettge01,1979
brettge01,1980
brettge01,1981
brettge01,1982
brettge01,1983
brettge01,1984
brettge01,1985
brettge01,1986
brettge01,1987
brettge01,1988
brettke01,1974
brewech02,1934
brewech02,1947
breweji01,1973
breweto01,1956
bridgro01,1958
bridgto01,1934
bridgto01,1935
bridgto01,1936
bridgto01,1937
bridgto01,1939
bridgto01,1940
brinked01,1973
brisslo01,1949
brittge01,1933
brittza01,2015
brittza01,2016
brocklo01,1967
brocklo01,1971
brocklo01,1972
brocklo01,1974
brocklo01,1975
brocklo01,1979
brookam01,1943
brookam01,1944
brookhu01,1986
brookhu01,1987
brosisc01,1998
brownba02,1937
brownba02,1938
brownba02,1942
brownba02,1946
brownch02,1986
browndo01,2013
brownhu01,2025
brownje03,1940
brownji03,1942
brownjo07,1946
brownke01,1992
brownke01,1996
brownke01,1997
brownke01,1998
brownke01,2000
brownke01,2003
brownla02,1933
brownla02,1934
brownla02,1938
brownla02,1939
brownla02,1939
brownla02,1940
brownla02,1941
brownma01,1938
brownra99,1935
brownra99,1940
browntj01,1942
brownto05,1991
brownwi02,1936
brownwi02,1937
brownwi02,1942
brownwi02,1943
brownwi02,1943
brownwi02,1948
broxtjo01,2009
broxtjo01,2010
bruceja01,2011
bruceja01,2012
bruceja01,2016
brunato01,1985
brutoja01,1940
bryankr01,2015
bryankr01,2016
bryankr01,2019
bryankr01,2021
bubickr01,2025
buchhcl01,2010
buchhcl01,2013
buckjo01,2010
bucknbi01,1981
buehlwa01,2019
buehlwa01,2021
buehrma01,2002
buehrma01,2005
buehrma01,2006
buehrma01,2009
buehrma01,2014
bufordo01,1971
buhlbo01,1960
buhlbo01,1960
buhneja01,1996
bumbral01,1980
bumgama01,2013
bumgama01,2014
bumgama01,2015
bumgama01,2016
bunniji01,1957
bunniji01,1959
bunniji01,1961
bunniji01,1961
bunniji01,1962
bunniji01,1963
bunniji01,1964
bunniji01,1966
burdele01,1957
burdele01,1959
burdele01,1959
burgesm01,1954
burgesm01,1955
burgesm01,1959
burgesm01,1959
burgesm01,1960
burgesm01,1960
burgesm01,1961
burgesm01,1961
burgesm01,1964
burgmto01,1980
burkejo03,1993
burkejo03,2001
burketi01,1989
burksel01,1990
burksel01,1996
burleri01,1977
burleri01,1978
burleri01,1979
burleri01,1981
burneaj01,2015
burneco01,2021
burneco01,2022
burneco01,2023
burneco01,2024
burnije01,1999
burnsbr01,1981
burroje01,1974
burroje01,1978
busbyji01,1951
busbyst01,1974
busbyst01,1975
butlebi03,2012
butlebr01,1991
buttsto01,1940
buttsto01,1944
buttsto01,1946
buttsto01,1947
buttsto01,1948
buxtoby01,2022
buxtoby01,2025
byassu01,1936
byassu01,1937
byrdbi01,1936
byrdbi01,1939
byrdbi01,1941
byrdbi01,1943
byrdbi01,1944
byrdbi01,1945
byrdbi01,1946
byrdma01,2010
byrdpa01,1999
byrneto01,1950
cabreas01,2011
cabreas01,2012
cabreev01,2013
cabreme01,2012
cabremi01,2004
cabremi01,2005
cabremi01,2006
cabremi01,2007
cabremi01,2010
cabremi01,2011
cabremi01,2012
cabremi01,2013
cabremi01,2014
cabremi01,2015
cabremi01,2016
cabremi01,2022
cahiltr01,2010
cainlo01,2015
cainlo01,2018
cainma01,2009
cainma01,2011
cainma01,2012
caldeiv01,1991
calhole01,1940
calhole01,1940
callijo01,1962
callijo01,1962
callijo01,1964
callijo01,1965
camermi01,2001
camildo01,1939
camildo01,1941
caminju01,2025
caminke01,1994
caminke01,1996
caminke01,1997
campabe01,1968
campabe01,1972
campabe01,1973
campabe01,1974
campabe01,1975
campabe01,1977
camparo01,1941
camparo01,1944
camparo01,1945
camparo01,1949
camparo01,1950
camparo01,1951
camparo01,1952
camparo01,1953
camparo01,1954
camparo01,1955
camparo01,1956
campbbi02,1977
candejo01,1977
canizav01,1945
cannawa01,1938
cannich01,1969
canoro01,2006
canoro01,2010
canoro01,2011
canoro01,2012
canoro01,2013
canoro01,2014
canoro01,2016
canoro01,2017
canoye01,2023
cansejo01,1986
cansejo01,1988
cansejo01,1989
cansejo01,1990
cansejo01,1992
cansejo01,1999
cappsma01,2010
caprabu01,1974
capuach01,2006
cardele01,1964
cardele01,1965
cardele01,1966
cardele01,1968
cardele01,1971
carewro01,1967
carewro01,1968
carewro01,1969
carewro01,1970
carewro01,1971
carewro01,1972
carewro01,1973
carewro01,1974
carewro01,1975
carewro01,1976
carewro01,1977
carewro01,1978
carewro01,1979
carewro01,1980
carewro01,1981
carewro01,1982
carewro01,1983
carewro01,1984
carltst01,1968
carltst01,1969
carltst01,1971
carltst01,1972
carltst01,1974
carltst01,1977
carltst01,1979
carltst01,1980
carltst01,1981
carltst01,1982
carmofa01,2010
carpech01,2005
carpech01,2006
carpech01,2010
carpema01,2013
carpema01,2014
carpema01,2016
carrach01,1951
carrach01,1953
carrach01,1954
carrach01,1955
carrocl02,1971
carrocl02,1972
carroco02,2023
carroco02,2025
cartega01,1975
cartega01,1979
cartega01,1980
cartega01,1981
cartega01,1982
cartega01,1983
cartega01,1984
cartega01,1985
cartega01,1986
cartega01,1987
cartega01,1988
cartejo01,1991
cartejo01,1992
cartejo01,1993
cartejo01,1994
cartejo01,1996
cartela02,2003
cartema01,1939
cartema01,1942
cartesp01,1947
cartesp01,1948
cartyri01,1970
casanpa01,1967
casege01,1939
casege01,1943
casege01,1944
casege01,1945
caseyse01,1999
caseyse01,2001
caseyse01,2004
cashbi01,1948
cashda01,1974
cashda01,1975
cashda01,1976
cashno01,1961
cashno01,1961
cashno01,1966
cashno01,1971
cashno01,1972
casteni01,2021
casteni01,2023
castilu01,2002
castilu01,2003
castilu01,2005
castilu02,2019
castilu02,2022
castilu02,2023
castivi02,1995
castivi02,1998
castrja01,2013
castrst01,2011
castrst01,2012
castrst01,2014
castrst01,2017
castrwi01,2024
caudibi01,1984
cavarph01,1944
cavarph01,1945
cavarph01,1946
cavarph01,1947
cecilbr01,2013
cedence01,1972
cedence01,1973
cedence01,1974
cedence01,1976
cepedor01,1959
cepedor01,1959
cepedor01,1960
cepedor01,1960
cepedor01,1961
cepedor01,1961
cepedor01,1962
cepedor01,1962
cepedor01,1963
cepedor01,1964
cepedor01,1967
cervbo01,1958
cespeyo01,2014
cespeyo01,2016
ceyro01,1974
ceyro01,1975
ceyro01,1976
ceyro01,1977
ceyro01,1978
ceyro01,1979
chacosh01,2003
chalkda01,1974
chalkda01,1975
chambch01,1976
chancde01,1964
chancde01,1967
chandsp01,1942
chandsp01,1943
chandsp01,1946
chandsp01,1947
chapmar01,2012
chapmar01,2013
chapmar01,2014
chapmar01,2015
chapmar01,2018
chapmar01,2019
chapmar01,2021
chapmar01,2025
chapmbe01,1933
chapmbe01,1934
chapmbe01,1935
chapmbe01,1936
chapmma01,2019
chapmsa01,1946
charlno01,1992
charlos99,1933
charlos99,1934
charlos99,1935
chartba01,1943
chishja01,2022
chishja01,2025
choosh01,2018
chrisru01,1945
cimolgi01,1957
cirilje01,1997
cirilje01,2000
clancji01,1982
clarkbo05,1940
clarkbu01,1940
clarkja01,1978
clarkja01,1979
clarkja01,1985
clarkja01,1987
clarkto02,2001
clarkwe01,1946
clarkwe01,1947
clarkwe01,1948
clarkwi02,1988
clarkwi02,1989
clarkwi02,1990
clarkwi02,1991
clarkwi02,1992
clarkwi02,1994
claseem01,2022
claseem01,2023
claseem01,2024
claytro01,1997
claytza01,1937
clearma01,1979
clearma01,1982
clemema01,2005
clemero01,1960
clemero01,1960
clemero01,1961
clemero01,1961
clemero01,1962
clemero01,1962
clemero01,1963
clemero01,1964
clemero01,1965
clemero01,1966
clemero01,1967
clemero01,1969
clemero01,1970
clemero01,1971
clemero01,1972
clemero02,1986
clemero02,1988
clemero02,1990
clemero02,1991
clemero02,1992
clemero02,1997
clemero02,1998
clemero02,2001
clemero02,2003
clemero02,2004
clemero02,2005
clevedu01,1941
cliftha01,1937
clippty01,2011
clippty01,2014
coateji01,1960
coateji01,1960
cobbal01,2023
cochrmi01,1934
cochrmi01,1935
cohenji01,1948
coimbpa01,1941
coimbpa01,1943
coimbpa01,1944
coimbpa01,1944
colasjo01,1947
colasjo01,1948
colavro01,1959
colavro01,1959
colavro01,1961
colavro01,1961
colavro01,1962
colavro01,1962
colavro01,1964
colavro01,1965
colavro01,1966
colbena01,1971
colbena01,1972
colbena01,1973
colboji01,1973
colege01,2015
colege01,2018
colege01,2019
colege01,2021
colege01,2022
colege01,2023
colemje01,1950
colemjo04,1948
colemjo05,1972
colemvi01,1988
colemvi01,1989
collipe01,1939
colliri02,1935
colliri02,1936
colliri02,1937
colomal01,2016
colonba01,1998
colonba01,2005
colonba01,2013
colonba01,2016
conceda01,1973
conceda01,1975
conceda01,1976
conceda01,1977
conceda01,1978
conceda01,1979
conceda01,1980
conceda01,1981
conceda01,1982
coneda01,1988
coneda01,1992
coneda01,1994
coneda01,1997
coneda01,1999
confomi01,2017
conigto01,1967
coninje01,1994
coninje01,1995
conlege01,1954
conlege01,1955
conlege01,1959
conlege01,1959
consusa01,1954
contrjo01,2006
contrwi01,2018
contrwi01,2019
contrwi01,2022
contrwi02,2022
contrwi02,2024
cookaa01,2008
cookry01,2012
coomero01,1999
coopean99,1936
coopece01,1979
coopece01,1980
coopece01,1982
coopece01,1983
coopece01,1985
coopega03,2022
coopemo01,1942
coopemo01,1943
coopemo01,1945
coopemo01,1946
coopesc01,1993
coopesc01,1994
coopewa01,1942
coopewa01,1943
coopewa01,1944
coopewa01,1946
coopewa01,1947
coopewa01,1948
coopewa01,1949
coopewa01,1950
corajo01,1997
corbedo01,1981
corbipa01,2013
corbipa01,2018
cordech01,2005
cordefr01,2004
cordefr01,2007
cordefr01,2009
cordewi01,1994
cornewi01,1935
cornewi01,1936
cornewi01,1938
correca01,2017
correca01,2021
correca01,2024
correke01,2011
cortene01,2022
coscape01,1940
cowanjo01,1945
cozarza01,2017
craigal01,2013
crainje01,2013
cramedo01,1935
cramedo01,1937
cramedo01,1938
cramedo01,1939
cramedo01,1940
crandde01,1953
crandde01,1954
crandde01,1955
crandde01,1956
crandde01,1958
crandde01,1959
crandde01,1959
crandde01,1960
crandde01,1960
crandde01,1962
crandde01,1962
crawfbr01,2015
crawfbr01,2018
crawfbr01,2021
crawfca02,2004
crawfca02,2007
crawfca02,2009
crawfca02,2010
credejo01,2008
crespal01,1940
crochga01,2024
crochga01,2025
croncj01,2022
croneja01,2021
croneja01,2022
cronijo01,1933
cronijo01,1934
cronijo01,1935
cronijo01,1937
cronijo01,1938
cronijo01,1939
cronijo01,1941
crosefr01,1936
crosefr01,1939
crowaa01,2011
crowape01,2025
crowdal01,1933
crowege01,1948
crowege01,1958
crutcji01,1934
crutcji01,1935
crutcji01,1936
crutcji01,1941
cruzjo01,1980
cruzjo01,1985
cruzne02,2009
cruzne02,2013
cruzne02,2014
cruzne02,2015
cruzne02,2017
cruzne02,2018
cruzne02,2021
cuccito01,1933
cuccito01,1938
cuccito01,1945
cuddymi01,2011
cuddymi01,2013
cuellmi01,1967
cuellmi01,1970
cuellmi01,1971
cuellmi01,1974
cuetojo01,2014
cuetojo01,2016
cullero01,1941
cullero01,1944
culpra01,1963
culpra01,1969
cunnijo01,1959
cunnijo01,1959
currygo01,1940
currygo01,1943
cuyleki01,1934
dahlda01,2019
dahlgba01,1943
daleybu01,1959
daleybu01,1959
daleybu01,1960
daleybu01,1960
damonjo01,2002
damonjo01,2005
dandrra99,1935
dandrra99,1937
dandrra99,1944
dandrra99,1944
danniha01,1938
danniha01,1939
danniha01,1940
danniha01,1941
darkal01,1951
darkal01,1952
darkal01,1954
darliro01,1985
darnatr01,2022
darviyu01,2012
darviyu01,2013
darviyu01,2014
darviyu01,2017
darviyu01,2021
daultda01,1992
daultda01,1993
daultda01,1995
davalvi01,1965
davenji01,1962
davenll01,1937
davenll01,1939
davenll01,1939
davenll01,1942
davenll01,1943
davenll01,1943
davenll01,1944
davenll01,1945
davisal01,1984
davisch01,1984
davisch01,1986
davisch01,1994
davisch02,2013
daviscu01,1936
daviscu01,1939
daviser01,1987
daviser01,1989
davisgl01,1986
davisgl01,1989
davisjo02,1984
davisjo02,1986
davisjo07,1943
davisjo07,1944
davisjo07,1944
davisjo07,1945
davisma01,1988
davisma01,1989
davispi01,1945
davispi01,1946
davispi01,1947
davispi01,1948
davisro02,1981
davisro05,1939
davisst04,1933
davisto02,1962
davisto02,1962
davisto02,1963
daviswa01,2015
daviswa01,2016
daviswa01,2017
daviswi02,1971
daviswi02,1973
dawlebi01,1983
dawsoan01,1981
dawsoan01,1982
dawsoan01,1983
dawsoan01,1987
dawsoan01,1988
dawsoan01,1989
dawsoan01,1990
dawsoan01,1991
dayle99,1935
dayle99,1937
dayle99,1939
dayle99,1942
dayle99,1943
dayle99,1943
dayle99,1946
deandi01,1934
deandi01,1935
deandi01,1936
deandi01,1937
decindo01,1983
decuili01,1940
degroja01,2015
degroja01,2018
degroja01,2019
degroja01,2021
degroja01,2025
dejonpa01,2019
delabst01,2013
delacel01,2024
delacel01,2025
delgaca01,2000
delgaca01,2003
demaejo01,1957
demarfr02,1936
demarfr02,1937
dempsry01,2000
dempsry01,2008
dentbu01,1975
dentbu01,1980
dentbu01,1981
derripa01,1935
derripa01,1938
derripa01,1939
derripa01,1940
derripa01,1941
derripa01,1942
desmoia01,2012
desmoia01,2016
devench02,2017
deverra01,2021
deverra01,2022
deverra01,2024
dialslo01,1936
diazal02,2016
diazal03,2023
diazbo01,1981
diazbo01,1987
diazed04,2018
diazed04,2022
diazed04,2025
diazel01,2023
diazfe02,1946
diazya01,2023
dibblro01,1990
dibblro01,1991
dickebi01,1933
dickebi01,1934
dickebi01,1936
dickebi01,1937
dickebi01,1938
dickebi01,1939
dickebi01,1940
dickebi01,1941
dickebi01,1942
dickebi01,1943
dickebi01,1946
dickeco01,2017
dickera01,2012
dicksja01,1997
dicksmu01,1953
dierkla01,1969
dierkla01,1971
dietzdi01,1970
dihigma99,1935
dihigma99,1945
dillibo01,1949
dimagdo01,1941
dimagdo01,1942
dimagdo01,1946
dimagdo01,1949
dimagdo01,1950
dimagdo01,1951
dimagdo01,1952
dimagjo01,1936
dimagjo01,1937
dimagjo01,1938
dimagjo01,1939
dimagjo01,1940
dimagjo01,1941
dimagjo01,1942
dimagjo01,1946
dimagjo01,1947
dimagjo01,1948
dimagjo01,1949
dimagjo01,1950
dimagjo01,1951
dimagvi01,1943
dimagvi01,1944
disarga01,1995
dixonra01,1933
dixonra01,1934
dobsojo01,1948
dobsopa01,1972
dobyla01,1946
dobyla01,1949
dobyla01,1950
dobyla01,1951
dobyla01,1952
dobyla01,1953
dobyla01,1954
dobyla01,1955
doerrbo01,1941
doerrbo01,1942
doerrbo01,1943
doerrbo01,1944
doerrbo01,1946
doerrbo01,1947
doerrbo01,1948
doerrbo01,1950
doerrbo01,1951
donaljo02,2014
donaljo02,2015
donaljo02,2016
donnebr01,2003
donovbr01,2025
donovdi01,1955
donovdi01,1961
donovdi01,1961
donovdi01,1962
doolise01,2014
doolise01,2018
dotsori01,1984
dovalca01,2023
downial01,1967
downibr01,1979
doziebr01,2015
drabedo01,1994
draveda01,1983
drewjd01,2008
dropowa01,1950
drysddo01,1959
drysddo01,1959
drysddo01,1961
drysddo01,1962
drysddo01,1963
drysddo01,1964
drysddo01,1965
drysddo01,1967
drysddo01,1968
duanycl01,1947
duchsju01,2005
duchsju01,2008
dukeza01,2009
duncada01,1971
duncafr02,1938
duncafr02,1943
duncafr02,1944
duncama01,1994
dunlahe01,1936
dunnad01,2002
dunnad01,2012
dunnal01,1937
dunnja02,1937
dunnja02,1938
dunnja02,1939
dunstsh01,1988
dunstsh01,1990
duranja01,2024
durenry01,1958
durenry01,1959
durenry01,1959
durenry01,1961
durhale01,1982
durhale01,1983
durhara01,1998
durhara01,2000
durocle01,1936
durocle01,1938
durocle01,1940
duvalad01,2016
dwighed01,1936
dyeje01,2000
dyeje01,2006
dykesji01,1933
dykesji01,1934
dykstle01,1990
dykstle01,1994
dykstle01,1995
earlyja01,1943
easleda01,1998
easlemi01,1981
easteho01,1937
easteho01,1940
easteho01,1943
easteho01,1943
easteho01,1946
eastelu01,1948
eckerde01,1977
eckerde01,1982
eckerde01,1988
eckerde01,1990
eckerde01,1991
eckerde01,1992
eckstda01,2005
eckstda01,2006
edmonji01,1995
edmonji01,2000
edmonji01,2003
edmonji01,2005
edwarbr01,1947
edwarbr01,1951
edwarjo01,1963
edwarjo01,1964
edwarjo01,1965
elderbr01,2023
elliobo01,1941
elliobo01,1942
elliobo01,1944
elliobo01,1945
elliobo01,1947
elliobo01,1948
elliobo01,1951
ellisdo01,1971
ellissa01,1965
ellsbja01,2011
ellswdi01,1964
elseha01,1936
elseha01,1937
elstodo01,1959
elstodo01,1959
encared01,2013
encared01,2014
encared01,2016
engleda01,1984
engliwo01,1933
ennisde01,1946
ennisde01,1951
ennisde01,1955
ensbemo01,2005
eovalna01,2021
eovalna01,2023
erskica01,1954
erstada01,1998
erstada01,2000
escobal02,2015
escobed01,2021
espinsa01,2022
estessh01,1997
estevca01,2023
estevca01,2025
estrach01,1960
estrach01,1960
estrajo01,2004
estrama01,2016
etchean01,1966
etchean01,1967
ethiean01,2010
ethiean01,2011
ettenni01,1945
evansda01,1973
evansda01,1983
evansdw01,1978
evansdw01,1981
evansdw01,1987
evansfe01,1946
evereca01,2000
evereca01,2003
eversho01,1948
eversho01,1950
facero01,1959
facero01,1959
facero01,1960
facero01,1960
facero01,1961
facero01,1961
fainfe01,1950
fainfe01,1951
fainfe01,1952
fainfe01,1953
fainfe01,1954
fairlro01,1973
fairlro01,1977
familje01,2016
farmeed01,1980
farretu01,1958
farretu01,1962
farretu01,1964
farretu01,1965
felizne01,2010
fellebo01,1938
fellebo01,1939
fellebo01,1940
fellebo01,1941
fellebo01,1946
fellebo01,1947
fellebo01,1948
fellebo01,1950
fernajo02,2013
fernajo02,2016
fernasi01,1986
fernasi01,1987
fernato01,1986
fernato01,1987
fernato01,1989
fernato01,1992
fernato01,1999
ferreri01,1933
ferreri01,1934
ferreri01,1935
ferreri01,1936
ferreri01,1937
ferreri01,1938
ferreri01,1944
ferreri01,1945
ferrewe01,1933
ferrewe01,1937
ferrida01,1945
ferrida01,1946
fettelo01,1939
fickro01,2002
fidryma01,1976
fidryma01,1977
fieldce01,1990
fieldce01,1991
fieldce01,1993
fieldpr01,2007
fieldpr01,2009
fieldpr01,2011
fieldpr01,2012
fieldpr01,2013
fieldpr01,2015
fieldwi01,1948
fingero01,1973
fingero01,1974
fingero01,1975
fingero01,1976
fingero01,1978
fingero01,1981
fingero01,1982
finigji01,1954
finigji01,1955
finlech01,1989
finlech01,1990
finlech01,1995
finlech01,1996
finlech01,2000
finlest01,1997
finlest01,2000
finneky01,2024
finnelo01,1940
fisheed02,1965
fiskca01,1972
fiskca01,1973
fiskca01,1974
fiskca01,1976
fiskca01,1977
fiskca01,1978
fiskca01,1980
fiskca01,1981
fiskca01,1982
fiskca01,1985
fiskca01,1991
flanami01,1978
fletcda01,1994
fletcel01,1943
floodcu01,1964
floodcu01,1966
floodcu01,1968
floydcl01,2001
foileha01,1957
foltymi01,2018
fordji01,1940
fordji01,1941
fordwh01,1954
fordwh01,1955
fordwh01,1956
fordwh01,1958
fordwh01,1959
fordwh01,1960
fordwh01,1960
fordwh01,1961
fordwh01,1961
fordwh01,1964
fornimi01,1961
forscke01,1976
forscke01,1981
fossera01,1970
fossera01,1971
fostebi99,1933
fostebi99,1934
fostebi99,1937
fostege01,1976
fostege01,1977
fostege01,1978
fostege01,1979
fostege01,1981
foulkke01,2003
fowlede01,2016
foxne01,1951
foxne01,1952
foxne01,1953
foxne01,1954
foxne01,1955
foxne01,1956
foxne01,1957
foxne01,1958
foxne01,1959
foxne01,1959
foxne01,1960
foxne01,1960
foxne01,1961
foxne01,1961
foxne01,1963
foxpe01,1944
foxxji01,1933
foxxji01,1934
foxxji01,1935
foxxji01,1936
foxxji01,1937
foxxji01,1938
foxxji01,1939
foxxji01,1940
foxxji01,1941
francjo01,1986
francjo01,1987
francjo01,1989
francjo01,1990
francju01,1989
francju01,1990
francju01,1991
francti01,1961
francty01,2022
francwa01,2023
frankfr02,1934
frankry01,2009
fraziad01,2021
frazito01,2014
frazito01,2015
freehbi01,1964
freehbi01,1965
freehbi01,1966
freehbi01,1967
freehbi01,1968
freehbi01,1969
freehbi01,1970
freehbi01,1971
freehbi01,1972
freehbi01,1973
freehbi01,1975
freemfr01,2013
freemfr01,2014
freemfr01,2018
freemfr01,2019
freemfr01,2021
freemfr01,2022
freemfr01,2023
freemfr01,2024
freemfr01,2025
freesda01,2012
fregoji01,1964
fregoji01,1966
fregoji01,1967
fregoji01,1968
fregoji01,1969
fregoji01,1970
frencla01,1940
freylo01,1939
freylo01,1941
freylo01,1943
friedma01,2022
friedma01,2024
friedma01,2025
frienbo01,1956
frienbo01,1958
frienbo01,1960
frienbo01,1960
friscfr01,1933
friscfr01,1934
friscfr01,1935
fryda01,2024
frymatr01,1992
frymatr01,1993
frymatr01,1994
frymatr01,1996
frymatr01,2000
frymawo01,1968
frymawo01,1976
fuentbr01,2005
fuentbr01,2006
fuentbr01,2007
fuentbr01,2009
fukudko01,2008
fulmemi01,2017
furcara01,2003
furcara01,2010
furcara01,2012
furilca01,1952
furilca01,1953
gaettga01,1988
gaettga01,1989
gagneer01,2002
gagneer01,2003
gagneer01,2004
gainejo02,1939
gainejo02,1942
gainejo02,1946
galanau01,1936
galanau01,1943
galanau01,1944
galaran01,1988
galaran01,1993
galaran01,1997
galaran01,1998
galaran01,2000
gallayo01,2010
galleza01,2023
gallojo01,2019
gallojo01,2021
gantro01,1992
gantro01,1995
garciad02,2021
garciad02,2023
garciav01,2017
garcica01,1994
garcida01,1984
garcida01,1985
garcifr02,2001
garcifr02,2002
garcima01,2025
garcimi01,1952
garcimi01,1953
garcimi01,1954
garcino01,1997
garcino01,1999
garcino01,2000
garcino01,2002
garcino01,2003
garcino01,2006
garcisi01,1946
garcisi01,1947
gardnbr01,2015
garlajo01,2005
garneph01,1976
garneph01,1980
garneph01,1981
garresc01,1985
garrra01,1974
garvene01,1951
garvest01,1974
garvest01,1975
garvest01,1976
garvest01,1977
garvest01,1978
garvest01,1979
garvest01,1980
garvest01,1981
garvest01,1984
garvest01,1985
gastoci01,1970
gausmke01,2021
gausmke01,2023
gedmari01,1985
gedmari01,1986
gehrich01,1933
gehrich01,1934
gehrich01,1935
gehrich01,1936
gehrich01,1937
gehrich01,1938
gehrilo01,1933
gehrilo01,1934
gehrilo01,1935
gehrilo01,1936
gehrilo01,1937
gehrilo01,1938
gehrilo01,1939
gennesc01,2018
gentiji01,1960
gentiji01,1960
gentiji01,1961
gentiji01,1961
gentiji01,1962
gentiji01,1962
giambja01,2000
giambja01,2001
giambja01,2002
giambja01,2003
giambja01,2004
gibsobo01,1962
gibsobo01,1965
gibsobo01,1966
gibsobo01,1967
gibsobo01,1968
gibsobo01,1969
gibsobo01,1970
gibsobo01,1972
gibsojo99,1933
gibsojo99,1934
gibsojo99,1935
gibsojo99,1936
gibsojo99,1939
gibsojo99,1942
gibsojo99,1943
gibsojo99,1943
gibsojo99,1944
gibsojo99,1945
gibsojo99,1946
gibsoky01,2021
gilbelo01,2024
gilesbr02,2000
gilesbr02,2001
gilesge01,1935
gilesma01,2003
gilliji01,1948
gilliji01,1956
gilliji01,1959
gillipe01,1939
gimenan01,2022
giolilu01,2019
gipsoal01,1942
girarjo01,2000
giustda01,1973
glasnty01,2024
glaustr01,2000
glaustr01,2001
glaustr01,2003
glaustr01,2006
glavito02,1991
glavito02,1992
glavito02,1993
glavito02,1996
glavito02,1997
glavito02,1998
glavito02,2000
glavito02,2002
glavito02,2004
glavito02,2006
gloveto01,1945
goldspa01,2013
goldspa01,2014
goldspa01,2015
goldspa01,2016
goldspa01,2017
goldspa01,2018
goldspa01,2022
gomesya01,2018
gomezca01,2013
gomezca01,2014
gomezle01,1933
gomezle01,1934
gomezle01,1935
gomezle01,1936
gomezle01,1937
gomezle01,1938
gomezle01,1939
gonsoto01,2022
gonzaad01,2008
gonzaad01,2009
gonzaad01,2010
gonzaad01,2011
gonzaad01,2015
gonzaal02,1999
gonzaca01,2012
gonzaca01,2013
gonzaca01,2016
gonzagi01,2011
gonzagi01,2012
gonzaju03,1993
gonzaju03,1998
gonzaju03,2001
gonzalu01,1999
gonzalu01,2001
gonzalu01,2002
gonzalu01,2003
gonzalu01,2005
goodedw01,1984
goodedw01,1985
goodedw01,1986
goodedw01,1988
goodmbi01,1949
goodmbi01,1953
goodmhu01,2025
goodmiv01,1938
goodmiv01,1939
gordoal01,2013
gordoal01,2014
gordoal01,2015
gordode01,2014
gordode01,2015
gordojo01,1939
gordojo01,1940
gordojo01,1941
gordojo01,1942
gordojo01,1943
gordojo01,1946
gordojo01,1947
gordojo01,1948
gordojo01,1949
gordosi01,1948
gordosi01,1949
gordoto01,1998
gordoto01,2004
gordoto01,2006
gorema01,2025
gosligo01,1936
gossari01,1975
gossari01,1976
gossari01,1977
gossari01,1978
gossari01,1980
gossari01,1981
gossari01,1982
gossari01,1984
gossari01,1985
grababi01,1970
gracema01,1993
gracema01,1995
gracema01,1997
gracewi01,1946
gracewi01,1948
grandcu01,2009
grandcu01,2011
grandcu01,2012
grandya01,2015
grandya01,2019
grantmu01,1963
grantmu01,1965
graveda01,2000
graveda01,2004
grayjo03,2023
grayso01,2015
grayso01,2019
grayso01,2023
grayte01,1950
greenha01,1937
greenha01,1938
greenha01,1939
greenha01,1940
greenha01,1945
greenhu01,2024
greenjo04,1940
greenjo04,1942
greenle02,1940
greenle02,1940
greenmi01,1988
greenmi01,1989
greenri02,2024
greenri02,2025
greensh01,1999
greensh01,2002
greensh02,2019
greenty01,1995
greggha01,1945
greinza01,2009
greinza01,2014
greinza01,2015
greinza01,2017
grichbo01,1972
grichbo01,1974
grichbo01,1976
grichbo01,1979
grichbo01,1980
grichbo01,1982
grievbe01,1998
griffal01,1984
griffbo01,1935
griffbo01,1948
griffke01,1976
griffke01,1977
griffke01,1980
griffke02,1990
griffke02,1991
griffke02,1992
griffke02,1993
griffke02,1994
griffke02,1995
griffke02,1996
griffke02,1997
griffke02,1998
griffke02,1999
griffke02,2000
griffke02,2004
griffke02,2007
grillja01,2013
grimbo01,1957
grimeos01,1945
grimsro02,1978
grissle01,1937
grissma01,1954
grissma02,1993
grissma02,1994
groatdi01,1959
groatdi01,1959
groatdi01,1960
groatdi01,1960
groatdi01,1962
groatdi01,1962
groatdi01,1963
groatdi01,1964
gromest01,1945
grosske01,1988
grosswa01,1977
groteje01,1968
groteje01,1974
grovele01,1933
grovele01,1935
grovele01,1936
grovele01,1937
grovele01,1938
grovele01,1939
groveor01,1944
grubbjo01,1974
grubeke01,1989
grubeke01,1990
grudzma01,1996
guarded01,2002
guarded01,2003
gubicma01,1988
gubicma01,1989
guerrpe01,1981
guerrpe01,1983
guerrpe01,1985
guerrpe01,1987
guerrpe01,1989
guerrvl01,1999
guerrvl01,2000
guerrvl01,2001
guerrvl01,2002
guerrvl01,2004
guerrvl01,2005
guerrvl01,2006
guerrvl01,2007
guerrvl01,2010
guerrvl02,2021
guerrvl02,2022
guerrvl02,2023
guerrvl02,2024
guerrvl02,2025
guidrro01,1978
guidrro01,1979
guidrro01,1982
guidrro01,1983
guillca01,2004
guillca01,2007
guillca01,2008
guilloz01,1988
guilloz01,1990
guilloz01,1991
gumpera01,1951
gurala01,1980
gurrilo01,2023
gustifr01,1946
gustifr01,1947
gustifr01,1948
guzmacr01,2001
guzmacr01,2008
guzmaju01,1992
gwynnto01,1984
gwynnto01,1985
gwynnto01,1986
gwynnto01,1987
gwynnto01,1989
gwynnto01,1990
gwynnto01,1991
gwynnto01,1992
gwynnto01,1993
gwynnto01,1994
gwynnto01,1995
gwynnto01,1996
gwynnto01,1997
gwynnto01,1998
gwynnto01,1999
haasbe01,1947
hackst01,1938
hackst01,1939
hackst01,1941
hackst01,1943
hackst01,1945
haddiha01,1953
haddiha01,1954
haddiha01,1955
haderjo01,2018
haderjo01,2019
haderjo01,2021
haderjo01,2022
haderjo01,2023
haderjo01,2025
hafeych01,1933
hairssa01,1948
hallabi01,1933
hallaro01,2002
hallaro01,2003
hallaro01,2005
hallaro01,2006
hallaro01,2008
hallaro01,2009
hallaro01,2010
hallaro01,2011
halleto01,1966
halleto01,1967
halleto01,1968
hallji02,1964
hallji02,1965
hamelco01,2007
hamelco01,2011
hamelco01,2012
hamelco01,2016
hamiljo03,2008
hamiljo03,2009
hamiljo03,2010
hamiljo03,2011
hamiljo03,2012
hammaat01,1983
hammoje01,2000
hamnegr01,1952
hamnegr01,1953
hamnegr01,1954
hamptmi01,1999
hamptmi01,2001
handbr01,2017
handbr01,2018
handbr01,2019
hanigmi01,2018
hannile01,1937
hanrajo01,2011
hanrajo01,2012
hansero02,1960
hansero02,1960
hansoer01,1995
happia01,2022
happja01,2018
hardeme01,1934
hardeme01,1935
hardeme01,1936
hardeme01,1937
hardyjj01,2007
hardyjj01,2013
hardypa01,1937
hardypa01,1940
harenda01,2007
harenda01,2008
harenda01,2009
hargast01,1967
hargrmi01,1975
harnipe01,1991
harpebr03,2012
harpebr03,2013
harpebr03,2015
harpebr03,2016
harpebr03,2017
harpebr03,2018
harpebr03,2022
harpebr03,2024
harpeto01,1970
harrato01,1972
harrato01,1975
harrato01,1976
harrato01,1982
harrebu01,1970
harrebu01,1971
harreke01,1968
harricu01,1936
harricu01,1939
harrijo05,2014
harrijo05,2017
harrima01,2012
harrimi01,1946
harrivi02,1933
harrivi02,1934
harrivi02,1938
harrivi02,1939
harrivi02,1942
harrivi02,1943
harrivi02,1947
harriwi02,2016
hartco01,2008
hartco01,2010
hartji01,1966
hartnga01,1933
hartnga01,1934
hartnga01,1935
hartnga01,1936
hartnga01,1937
hartnga01,1938
harvebi01,1939
harvebi01,1943
harvebo01,1948
harvebr01,1991
harvebr01,1993
harveke01,2004
harvema01,2013
hasegsh01,2003
hattogr01,1952
hawpebr01,2009
hayesfr01,1939
hayesfr01,1940
hayesfr01,1941
hayesfr01,1944
hayesfr01,1945
hayesfr01,1946
hayesjo01,1947
hayesvo01,1989
haynejo01,1948
haynesa01,1944
haysau01,2023
haywobu01,1946
hearnji01,1952
heathje01,1941
heathje01,1943
heatone01,1990
heganji01,1947
heganji01,1949
heganji01,1950
heganji01,1951
heganji01,1952
heganmi01,1969
heimjo01,2023
helmsto01,1967
helmsto01,1968
helslry01,2022
helslry01,2024
heltoto01,2000
heltoto01,2001
heltoto01,2002
heltoto01,2003
heltoto01,2004
hemslro01,1935
hemslro01,1936
hemslro01,1939
hemslro01,1940
hemslro01,1944
hendecu01,1940
hendeda01,1991
hendegu01,2024
henderi01,1980
henderi01,1982
henderi01,1983
henderi01,1984
henderi01,1985
henderi01,1986
henderi01,1987
henderi01,1988
henderi01,1990
henderi01,1991
hendrge01,1974
hendrge01,1975
hendrge01,1980
hendrge01,1983
hendrli01,2019
hendrli01,2021
hendrli01,2022
henketo01,1987
henketo01,1995
hennemi01,1989
henrito01,1942
henrito01,1947
henrito01,1948
henrito01,1949
henrito01,1950
henrybi01,1960
henrybi01,1960
henrypr01,1941
hentgpa01,1993
hentgpa01,1994
hentgpa01,1997
herbera01,1962
hermabi01,1934
hermabi01,1935
hermabi01,1936
hermabi01,1937
hermabi01,1938
hermabi01,1939
hermabi01,1940
hermabi01,1941
hermabi01,1942
hermabi01,1943
hernafe02,2009
hernafe02,2011
hernafe02,2012
hernafe02,2013
hernafe02,2014
hernafe02,2015
hernajo01,2002
hernake01,1979
hernake01,1980
hernake01,1984
hernake01,1986
hernake01,1987
hernali01,2004
hernali01,2005
hernara02,2003
hernaro01,1996
hernaro01,1999
hernate01,2021
hernate01,2024
hernawi01,1984
hernawi01,1985
hernawi01,1986
herreke01,2015
herreke01,2016
herreod01,2016
herrmed01,1974
herrto01,1985
hershor01,1987
hershor01,1988
hershor01,1989
heywaja01,2010
hickmji02,1970
higbeki01,1940
higbeki01,1946
higgipi01,1934
higgipi01,1936
higgipi01,1944
higuete01,1986
hildeor01,1933
hillaa01,2009
hillejo01,1974
hillesh02,2002
hillesh02,2005
hillji01,1941
hillji01,1943
hillji01,1943
hillke01,1994
hillsa01,1948
hintoch01,1964
hislela01,1977
hislela01,1978
hoagmy01,1939
hoakdo01,1957
hockeor01,1944
hodgegi01,1949
hodgegi01,1950
hodgegi01,1951
hodgegi01,1952
hodgegi01,1953
hodgegi01,1954
hodgegi01,1955
hodgegi01,1957
hoeftbi01,1955
hoernjo01,1970
hoffmje02,2024
hoffmtr01,1998
hoffmtr01,1999
hoffmtr01,2000
hoffmtr01,2002
hoffmtr01,2006
hoffmtr01,2007
hoffmtr01,2009
hollaal01,1984
hollabi03,1939
hollagr01,2013
hollagr01,2014
hollagr01,2017
hollida01,1993
hollima01,2006
hollima01,2007
hollima01,2008
hollima01,2010
hollima01,2011
hollima01,2012
hollima01,2015
holmecl01,2022
holmecl01,2024
holmeto01,1945
holmeto01,1948
holtbr01,2015
holtzke01,1972
holtzke01,1973
honeyri01,1980
honeyri01,1983
hookele01,1943
hootobu01,1981
hoppjo01,1946
horlejo01,1967
hornebi01,1939
hornebi01,1939
hornebi01,1940
hornebi01,1941
hornebi01,1943
hornebi01,1944
hornebo01,1982
hortowi01,1965
hortowi01,1968
hortowi01,1970
hortowi01,1973
hoskibi01,1937
hoskibi01,1939
hoskibi01,1941
hosmeer01,2016
houckta01,2024
houghch01,1986
houttar01,1950
howarca02,1944
howarca02,1944
howarel01,1957
howarel01,1958
howarel01,1959
howarel01,1960
howarel01,1960
howarel01,1961
howarel01,1961
howarel01,1962
howarel01,1963
howarel01,1964
howarel01,1965
howarfr01,1968
howarfr01,1969
howarfr01,1970
howarfr01,1971
howarry01,2006
howarry01,2009
howarry01,2010
howelja01,1985
howelja01,1987
howelja01,1989
howelro02,1978
howest01,1982
howsedi01,1961
howsedi01,1961
hoytla01,1985
hrbekke01,1982
hubbagl01,1983
hubbeca01,1933
hubbeca01,1934
hubbeca01,1935
hubbeca01,1936
hubbeca01,1937
hubbeca01,1938
hubbeca01,1940
hubbeca01,1941
hubbeca01,1942
hudekjo01,1994
hudsoor01,2007
hudsoor01,2009
hudsosi01,1941
hudsosi01,1942
hudsoti01,2000
hudsoti01,2004
hudsoti01,2010
hudsoti01,2014
hudsowi01,1941
hugheph01,2010
hughesa01,1934
hughesa01,1935
hughesa01,1936
hughesa01,1938
hughesa01,1939
hughesa01,1940
hughste01,1942
hughste01,1943
hughste01,1944
humeto01,1982
humphsm01,1937
hundlra01,1969
hundlto01,1996
hundlto01,1997
huntebe01,1933
huntebi03,1953
hunteca01,1966
hunteca01,1967
hunteca01,1970
hunteca01,1972
hunteca01,1973
hunteca01,1974
hunteca01,1975
hunteca01,1976
hunteto01,2002
hunteto01,2007
hunteto01,2009
hunteto01,2010
hunteto01,2013
huntro01,1964
huntro01,1966
hurstbr01,1987
hutchfr01,1951
hydeco01,1943
hydeco01,1946
ibanera01,2009
iglesjo01,2015
imanash01,2024
inciaen01,2017
infanom01,2010
ingebr01,2009
irvinmo01,1941
irvinmo01,1946
irvinmo01,1947
irvinmo01,1948
irvinmo01,1952
isrinja01,2000
isrinja01,2005
iwakuhi01,2013
izturce01,2005
jablora01,1954
jacksbo01,1989
jacksda02,1988
jacksda02,1994
jacksed01,2009
jacksgr01,1969
jacksla01,1957
jacksla01,1958
jacksla01,1960
jacksla01,1960
jacksla01,1963
jacksra01,1954
jacksra01,1955
jacksre01,1969
jacksre01,1971
jacksre01,1972
jacksre01,1973
jacksre01,1974
jacksre01,1975
jacksre01,1977
jacksre01,1978
jacksre01,1979
jacksre01,1980
jacksre01,1981
jacksre01,1982
jacksre01,1983
jacksre01,1984
jackstr01,1934
jacobbr01,1986
jacobbr01,1990
jahajo01,1999
janseke01,2016
janseke01,2017
janseke01,2018
janseke01,2023
jansela01,1950
jansela01,1951
javeral01,1943
javeral01,1944
javieju01,1963
javieju01,1968
jayjo01,1961
jayjo01,1961
jeffegr01,1993
jeffegr01,1994
jeffrje01,2018
jenkifa01,1933
jenkifa01,1935
jenkife01,1967
jenkife01,1971
jenkife01,1972
jenkige01,2003
jenksbo01,2006
jenksbo01,2007
jenseja01,1952
jenseja01,1955
jenseja01,1958
jessuge01,1944
jessuge01,1945
jessuge01,1945
jessuge01,1946
jessuge01,1947
jessuge01,1948
jeterde01,1998
jeterde01,1999
jeterde01,2000
jeterde01,2001
jeterde01,2002
jeterde01,2004
jeterde01,2006
jeterde01,2007
jeterde01,2008
jeterde01,2009
jeterde01,2010
jeterde01,2011
jeterde01,2012
jeterde01,2014
jethrsa01,1942
jethrsa01,1944
jethrsa01,1945
jethrsa01,1946
jethrsa01,1947
jimenjo02,2018
jimenub01,2010
johnsal01,1970
johnsbi03,1947
johnsbo01,1935
johnsbo01,1938
johnsbo01,1939
johnsbo01,1940
johnsbo01,1942
johnsbo01,1943
johnsbo01,1944
johnsbo01,1945
johnsch04,1997
johnsch04,2001
johnsco01,1940
johnsda02,1968
johnsda02,1969
johnsda02,1970
johnsda02,1973
johnsdo02,1944
johnsdo02,1945
johnsho01,1989
johnsho01,1991
johnsji04,2012
johnsji06,1939
johnsjo09,2009
johnsjo09,2010
johnsju99,1933
johnsju99,1936
johnsla03,1996
johnsme01,1938
johnsra05,1990
johnsra05,1993
johnsra05,1994
johnsra05,1995
johnsra05,1997
johnsra05,1999
johnsra05,2000
johnsra05,2001
johnsra05,2002
johnsra05,2004
johnto01,1968
johnto01,1978
johnto01,1979
johnto01,1980
jonesad01,2009
jonesad01,2012
jonesad01,2013
jonesad01,2014
jonesad01,2015
jonesan01,2000
jonesan01,2002
jonesan01,2003
jonesan01,2005
jonesan01,2006
jonesbo03,1997
jonesch06,1996
jonesch06,1997
jonesch06,1998
jonesch06,2000
jonesch06,2001
jonesch06,2008
jonesch06,2011
jonesch06,2012
jonescl01,1969
jonesdo01,1988
jonesdo01,1989
jonesdo01,1990
jonesdo01,1992
jonesdo01,1994
jonesra01,1975
jonesra01,1976
jonesru01,1977
jonesru01,1982
jonessa02,1955
jonessa02,1959
jonessl01,1934
jonessl01,1935
jonesto02,2000
joneswi01,1950
joneswi01,1951
joosted01,1949
joosted01,1952
jordabr01,1999
josefe01,1991
josepdu01,1968
joycema01,2011
joynewa01,1986
juddos01,1943
judgeaa01,2017
judgeaa01,2018
judgeaa01,2021
judgeaa01,2022
judgeaa01,2023
judgeaa01,2024
judgeaa01,2025
jungjo01,2023
jurgebi01,1937
jurgebi01,1939
jurgebi01,1940
jurrjja01,2011
justida01,1993
justida01,1994
justida01,1997
kaatji01,1962
kaatji01,1966
kaatji01,1975
kalinal01,1955
kalinal01,1956
kalinal01,1957
kalinal01,1958
kalinal01,1959
kalinal01,1959
kalinal01,1960
kalinal01,1960
kalinal01,1961
kalinal01,1961
kalinal01,1962
kalinal01,1963
kalinal01,1964
kalinal01,1965
kalinal01,1966
kalinal01,1967
kalinal01,1971
kalinal01,1974
kaskoed01,1961
kaskoed01,1961
kazaked01,1949
kazmisc01,2006
kazmisc01,2008
kazmisc01,2014
keegabo01,1954
kellech01,1940
kellech01,1941
kellech01,1943
kellech01,1946
kellech01,1947
kellemi03,2023
kellge01,1947
kellge01,1948
kellge01,1949
kellge01,1950
kellge01,1951
kellge01,1952
kellge01,1953
kellge01,1954
kellge01,1956
kellge01,1957
kellmle01,1947
kellmle01,1948
kellnal01,1949
kellypa01,1973
kellyro01,1992
kellyro01,1993
keltnke01,1940
keltnke01,1941
keltnke01,1942
keltnke01,1943
keltnke01,1944
keltnke01,1946
keltnke01,1948
kempge01,1943
kempma01,2011
kempma01,2012
kempma01,2018
kempst01,1979
kendaja01,1996
kendaja01,1998
kendaja01,2000
kendrho01,2011
kennete02,1981
kennete02,1983
kennete02,1985
kennete02,1987
kenneve01,1936
kenneve01,1938
kentje01,1999
kentje01,2000
kentje01,2001
kentje01,2004
kentje01,2005
keougma02,1978
kernji01,1977
kernji01,1978
kernji01,1979
kerrbu01,1948
kershcl01,2011
kershcl01,2012
kershcl01,2013
kershcl01,2014
kershcl01,2015
kershcl01,2016
kershcl01,2017
kershcl01,2019
kershcl01,2022
kershcl01,2023
kershcl01,2025
kessido01,1968
kessido01,1969
kessido01,1970
kessido01,1971
kessido01,1972
kessido01,1974
keuchda01,2015
keuchda01,2017
keyji01,1985
keyji01,1991
keyji01,1993
keyji01,1994
kikucyu01,2021
kikucyu01,2025
kileda01,1993
kileda01,1997
kileda01,2000
killeha01,1959
killeha01,1959
killeha01,1961
killeha01,1961
killeha01,1963
killeha01,1964
killeha01,1965
killeha01,1966
killeha01,1967
killeha01,1968
killeha01,1969
killeha01,1970
killeha01,1971
kimbrcr01,2011
kimbrcr01,2012
kimbrcr01,2013
kimbrcr01,2014
kimbrcr01,2016
kimbrcr01,2017
kimbrcr01,2018
kimbrcr01,2021
kimbrcr01,2023
kimbrhe01,1940
kimbrhe01,1941
kimbrhe01,1943
kimbrhe01,1943
kimbrhe01,1944
kimbrhe01,1946
kimbrhe01,1947
kimby01,2002
kincaha01,1934
kinerra01,1948
kinerra01,1949
kinerra01,1950
kinerra01,1951
kinerra01,1952
kinerra01,1953
kingmda01,1976
kingmda01,1979
kingmda01,1980
kinslia01,2008
kinslia01,2010
kinslia01,2012
kinslia01,2014
kintzbr01,2017
kipnija01,2013
kipnija01,2015
kirbyge01,2023
kirkal01,2022
kirkal01,2025
kittlro01,1983
kittran01,2021
kleinch01,1933
kleinch01,1934
kleskry01,2001
klubeco01,2016
klubeco01,2017
klubeco01,2018
kluszte01,1953
kluszte01,1954
kluszte01,1955
kluszte01,1956
knebeco01,2017
kneppbo01,1981
kneppbo01,1988
knighra01,1980
knighra01,1982
knoblch01,1992
knoblch01,1994
knoblch01,1996
knoblch01,1997
knoopbo01,1966
knowlda01,1969
kolbda01,2004
konerpa01,2002
konerpa01,2005
konerpa01,2006
konerpa01,2010
konerpa01,2011
konerpa01,2012
konstji01,1950
koosmje01,1968
koosmje01,1969
koufasa01,1961
koufasa01,1961
koufasa01,1962
koufasa01,1963
koufasa01,1964
koufasa01,1965
koufasa01,1966
kralija01,1964
krameja01,1945
krameja01,1946
krameja01,1947
kraneed01,1965
kransfl01,1936
kreevmi01,1938
krukjo01,1991
krukjo01,1992
krukjo01,1993
krukomi01,1986
kubekto01,1958
kubekto01,1959
kubekto01,1961
kubekto01,1961
kucksjo01,1956
kuennha01,1953
kuennha01,1954
kuennha01,1955
kuennha01,1956
kuennha01,1957
kuennha01,1958
kuennha01,1959
kuennha01,1959
kuennha01,1960
kuennha01,1960
kuoho01,2010
kurowwh01,1943
kurowwh01,1944
kurowwh01,1945
kurowwh01,1946
kurowwh01,1947
kwanst01,2024
kwanst01,2025
laabsch01,1943
labincl01,1956
labincl01,1957
lackejo01,2007
lacosmi01,1979
lahaibr01,2012
lamanra01,1946
lamarcl01,1937
lamarji01,1948
lambja01,2017
landiji01,1962
landrke01,1980
langsma01,1987
langsma01,1991
langsma01,1992
langsma01,1993
laniema01,1943
laniema01,1944
lankfra01,1997
lansfca01,1988
larkeno01,1960
larkeno01,1960
larkiba01,1988
larkiba01,1989
larkiba01,1990
larkiba01,1991
larkiba01,1993
larkiba01,1994
larkiba01,1995
larkiba01,1996
larkiba01,1997
larkiba01,1999
larkiba01,2000
larkiba01,2004
larocda01,1976
larocda01,1977
laryfr01,1960
laryfr01,1960
laryfr01,1961
lasteto01,2019
latmaba01,1961
laudnti01,1988
lavagco01,1938
lavagco01,1939
lavagco01,1940
lavagco01,1941
lavelga01,1977
lavelga01,1983
lawrebr01,1956
lawtoma02,2000
lawtoma02,2004
lawva01,1988
lawve01,1960
lawve01,1960
lazzeto01,1933
leach01,1984
leagubr01,2011
leebi02,1938
leebi02,1939
leebi03,1973
leebo01,1965
leeca01,2005
leeca01,2006
leeca01,2007
leecl02,2008
leecl02,2010
leecl02,2011
leecl02,2013
leede02,2005
leede02,2007
leeth01,1941
leeth01,1945
lefebji01,1966
lefloro01,1976
leibeha01,1938
leibeha01,1940
leibeha01,1941
leiteal01,1996
leiteal01,2000
lemahdj01,2015
lemahdj01,2017
lemahdj01,2019
lemanda01,1979
lemasde01,1967
lemonbo01,1948
lemonbo01,1949
lemonbo01,1950
lemonbo01,1951
lemonbo01,1952
lemonbo01,1953
lemonbo01,1954
lemonch01,1978
lemonch01,1979
lemonch01,1984
lemonji01,1960
lemonji01,1960
leonabu99,1935
leonabu99,1937
leonabu99,1938
leonabu99,1939
leonabu99,1940
leonabu99,1941
leonabu99,1943
leonabu99,1943
leonabu99,1944
leonabu99,1945
leonabu99,1945
leonabu99,1946
leonabu99,1948
leonadu02,1940
leonadu02,1943
leonadu02,1944
leonadu02,1945
leonadu02,1951
leonaje01,1987
leonaje01,1989
leppedo02,1963
lestejo01,2010
lestejo01,2011
lestejo01,2014
lestejo01,2016
lestejo01,2018
lewisbu01,1938
lewisbu01,1947
lewisru01,1947
lewisru01,1948
lidgebr01,2005
lidgebr01,2008
liebejo01,2001
liebemi01,1999
liebemi01,2000
lillyte01,2004
lillyte01,2009
limajo01,1999
linarro01,1944
linarro01,1945
linceti01,2008
linceti01,2009
linceti01,2010
linceti01,2011
lindejo01,1943
lindofr01,2016
lindofr01,2017
lindofr01,2018
lindofr01,2019
lindofr01,2025
liriafr01,2006
litwhda01,1942
loaizes01,2003
loaizes01,2004
lockeje01,2013
lockele01,1943
lockele01,1945
lockele01,1948
lockmwh01,1952
loducpa01,2003
loducpa01,2004
loducpa01,2005
loducpa01,2006
loesbi01,1957
loftoke01,1994
loftoke01,1995
loftoke01,1996
loftoke01,1997
loftoke01,1998
loftoke01,1999
loganjo01,1955
loganjo01,1957
loganjo01,1958
loganjo01,1959
lolicmi01,1969
lolicmi01,1971
lolicmi01,1972
lollash01,1950
lollash01,1954
lollash01,1955
lollash01,1956
lollash01,1958
lollash01,1959
lollash01,1959
lollash01,1960
lollash01,1960
lombaer01,1936
lombaer01,1937
lombaer01,1938
lombaer01,1939
lombaer01,1940
lombaer01,1942
lombaer01,1943
lombaer01,1945
lonboji01,1967
longda02,1956
longoev01,2008
longoev01,2009
longoev01,2010
lopated01,1951
lopatst01,1955
lopatst01,1956
lopesda01,1978
lopesda01,1979
lopesda01,1980
lopesda01,1981
lopezal01,1934
lopezal01,1941
lopezau01,1983
lopezca02,1939
lopezfe01,2005
lopezja01,1997
lopezja01,1998
lopezja01,2003
lopezjo01,2006
lopezjo02,2022
lopezpa01,2023
lopezre01,2024
lorenmi01,2023
loretma01,2004
loretma01,2006
loudelo01,1943
loudelo01,1944
loudelo01,1946
loudelo01,1947
loudelo01,1948
lowebr01,2019
lowebr01,2025
lowede01,2000
lowede01,2002
lowelmi01,2002
lowelmi01,2003
lowelmi01,2004
lowelmi01,2007
lowrepe01,1946
lowrije01,2018
lucrojo01,2014
lucrojo01,2016
ludwiry01,2008
lugose01,2024
lumpeje01,1964
lundydi01,1933
lundydi01,1934
luzingr01,1975
luzingr01,1976
luzingr01,1977
luzingr01,1978
lylesjo02,1939
lylesjo02,1940
lylesp01,1973
lylesp01,1976
lylesp01,1977
lynnfr01,1975
lynnfr01,1976
lynnfr01,1977
lynnfr01,1978
lynnfr01,1979
lynnfr01,1980
lynnfr01,1981
lynnfr01,1982
lynnfr01,1983
lynnla01,2012
lynnla01,2021
lyonsgr01,1937
lyonste01,1939
macdomi01,2003
machama01,2013
machama01,2015
machama01,2016
machama01,2018
machama01,2021
machama01,2022
machama01,2025
mackebi99,1933
mackebi99,1935
mackebi99,1936
mackebi99,1938
mackebi99,1940
mackebi99,1947
mackra01,1940
maddugr01,1988
maddugr01,1992
maddugr01,1994
maddugr01,1995
maddugr01,1996
maddugr01,1997
maddugr01,1998
maddugr01,2000
madlobi01,1975
madlobi01,1981
madlobi01,1983
maglisa01,1951
maglisa01,1952
mahafar01,1961
mahafar01,1961
mahafar01,1962
malonji01,1965
malzofr01,1957
malzofr01,1958
malzofr01,1959
malzofr01,1959
malzofr01,1960
malzofr01,1960
malzofr01,1963
malzofr01,1964
mancugu01,1935
mancugu01,1937
mannife01,1937
mannima02,1947
mannima02,1948
manoaal01,2022
mantife01,1965
mantijo01,2022
mantlmi01,1952
mantlmi01,1953
mantlmi01,1954
mantlmi01,1955
mantlmi01,1956
mantlmi01,1957
mantlmi01,1958
mantlmi01,1959
mantlmi01,1959
mantlmi01,1960
mantlmi01,1960
mantlmi01,1961
mantlmi01,1961
mantlmi01,1962
mantlmi01,1963
mantlmi01,1964
mantlmi01,1965
mantlmi01,1967
mantlmi01,1968
manushe01,1934
maricju01,1962
maricju01,1962
maricju01,1963
maricju01,1964
maricju01,1965
maricju01,1966
maricju01,1967
maricju01,1968
maricju01,1969
maricju01,1971
marioma01,1943
marioma01,1944
marioma01,1945
marioma01,1946
marioma01,1947
marioma01,1948
marioma01,1949
marioma01,1950
marisro01,1959
marisro01,1960
marisro01,1960
marisro01,1961
marisro01,1961
marisro01,1962
marisro01,1962
markani01,2018
marmoca01,2008
marquge01,2021
marquja01,2009
marqulu01,1947
marqulu01,1948
marreco01,1951
marshmi01,1974
marshmi01,1975
marshmi02,1984
marshwi01,1942
marshwi01,1947
marshwi01,1949
marteke01,2019
marteke01,2024
marteke01,2025
martest01,2016
martest01,2022
martibi02,1956
martica04,2015
martica04,2017
martide01,1990
martide01,1991
martide01,1992
martide01,1995
martied01,1992
martied01,1995
martied01,1996
martied01,1997
martied01,2000
martied01,2001
martied01,2003
martihe01,1938
martijd02,2015
martijd02,2018
martijd02,2019
martijd02,2021
martijd02,2022
martijd02,2023
martipe01,1933
martipe01,1934
martipe01,1935
martipe01,1937
martipe02,1996
martipe02,1997
martipe02,1998
martipe02,1999
martipe02,2000
martipe02,2002
martipe02,2005
martipe02,2006
martira02,1990
martira02,1991
martira05,1940
martira05,1941
martira05,1943
martira05,1943
martira05,1944
martira05,1945
martiru01,2007
martiru01,2008
martiru01,2011
martiru01,2015
martist01,1936
martiti01,1983
martiti02,1995
martiti02,1997
martivi01,2004
martivi01,2007
martivi01,2009
martivi01,2010
martivi01,2014
masiph01,1945
masiph01,1946
masiph01,1947
masiph01,1948
masteju01,2013
mastewa02,1947
mastewa02,1948
matheed01,1953
matheed01,1955
matheed01,1956
matheed01,1957
matheed01,1958
matheed01,1959
matheed01,1959
matheed01,1960
matheed01,1960
matheed01,1961
matheed01,1961
matheed01,1962
mathive01,1941
mathive01,1942
mathive01,1944
mathive01,1945
mathive01,1945
matlajo01,1974
matlajo01,1975
matlajo01,1976
matlole01,1935
matlole01,1936
matsuhi01,2003
matsuhi01,2004
matthga01,1979
matthga02,2006
mattido01,1984
mattido01,1985
mattido01,1986
mattido01,1987
mattido01,1988
mattido01,1989
mauerjo01,2006
mauerjo01,2008
mauerjo01,2009
mauerjo01,2010
mauerjo01,2012
mauerjo01,2013
maxwech01,1956
maxwech01,1957
maybejo01,1973
maybejo01,1974
mayca01,1969
mayca01,1972
mayda01,1973
mayle01,1969
mayle01,1971
mayle01,1972
mayoed01,1945
maypi01,1940
maysjo01,2001
mayswi01,1954
mayswi01,1955
mayswi01,1956
mayswi01,1957
mayswi01,1958
mayswi01,1959
mayswi01,1959
mayswi01,1960
mayswi01,1960
mayswi01,1961
mayswi01,1961
mayswi01,1962
mayswi01,1962
mayswi01,1963
mayswi01,1964
mayswi01,1965
mayswi01,1966
mayswi01,1967
mayswi01,1968
mayswi01,1969
mayswi01,1970
mayswi01,1971
mayswi01,1972
mayswi01,1973
mayweed01,1937
mayweed01,1940
mayweed01,1940
mazerbi01,1958
mazerbi01,1959
mazerbi01,1959
mazerbi01,1960
mazerbi01,1960
mazerbi01,1962
mazerbi01,1962
mazerbi01,1963
mazerbi01,1964
mazerbi01,1967
mazzile01,1979
mcauldi01,1965
mcauldi01,1966
mcauldi01,1967
mcbriba01,1976
mcbrike01,1961
mcbrike01,1962
mcbrike01,1963
mccanbr01,2006
mccanbr01,2007
mccanbr01,2008
mccanbr01,2009
mccanbr01,2010
mccanbr01,2011
mccanbr01,2013
mccanja02,2019
mccarti01,1966
mccarti01,1967
mcclash01,2022
mcclash01,2023
mccoobi01,1966
mccorfr01,1938
mccorfr01,1939
mccorfr01,1940
mccorfr01,1941
mccorfr01,1942
mccorfr01,1943
mccorfr01,1944
mccorfr01,1945
mccorfr01,1946
mccormi03,1960
mccormi03,1960
mccormi03,1961
mccormi03,1961
mccovwi01,1963
mccovwi01,1966
mccovwi01,1968
mccovwi01,1969
mccovwi01,1970
mccovwi01,1971
mcculcl01,1948
mcculcl01,1953
mcculla02,2017
mccutan01,2011
mccutan01,2012
mccutan01,2013
mccutan01,2014
mccutan01,2015
mcdanbo01,1943
mcdanbo01,1944
mcdanbo01,1945
mcdanli01,1960
mcdanli01,1960
mcdougi01,1952
mcdougi01,1956
mcdougi01,1957
mcdougi01,1958
mcdougi01,1959
mcdougi01,1959
mcdowja01,1991
mcdowja01,1992
mcdowja01,1993
mcdowsa01,1965
mcdowsa01,1966
mcdowsa01,1968
mcdowsa01,1969
mcdowsa01,1970
mcdowsa01,1971
mcdufte01,1939
mcdufte01,1939
mcdufte01,1941
mcdufte01,1944
mcdufte01,1944
mcgeewi01,1983
mcgeewi01,1985
mcgeewi01,1987
mcgeewi01,1988
mcgloji01,1967
mcgloly01,1974
mcgratu01,1972
mcgratu01,1975
mcgresc01,1981
mcgrifr01,1992
mcgrifr01,1994
mcgrifr01,1995
mcgrifr01,1996
mcgrifr01,2000
mcgwima01,1987
mcgwima01,1988
mcgwima01,1989
mcgwima01,1990
mcgwima01,1991
mcgwima01,1992
mcgwima01,1995
mcgwima01,1996
mcgwima01,1997
mcgwima01,1998
mcgwima01,1999
mcgwima01,2000
mchenhe01,1940
mchenhe01,1941
mckingr01,1943
mckingr01,1944
mckinza01,2025
mclaide01,1966
mclaide01,1968
mclaide01,1969
mclisca01,1959
mclouna01,2008
mcmahdo02,1958
mcmahry01,2024
mcmilro01,1956
mcmilro01,1957
mcnalda01,1969
mcnalda01,1970
mcnalda01,1972
mcneije01,2019
mcneije01,2022
mcquige02,1939
mcquige02,1940
mcquige02,1942
mcquige02,1944
mcquige02,1945
mcquige02,1947
mcquige02,1948
mcraeha01,1975
mcraeha01,1976
mcraeha01,1982
meadoau01,2019
meansjo01,2019
mechegi01,2007
medwijo01,1934
medwijo01,1935
medwijo01,1936
medwijo01,1937
medwijo01,1938
medwijo01,1939
medwijo01,1940
medwijo01,1941
medwijo01,1942
medwijo01,1944
meekev01,2010
megiltr01,2025
melanma01,2013
melanma01,2015
melanma01,2016
melanma01,2021
meltobi01,1971
meltocl01,1942
menkede01,1969
menkede01,1970
merrija01,2024
merriji01,1970
merriwh01,2019
merriwh01,2021
merriwh01,2023
mesajo01,1995
mesajo01,1996
mesorde01,2014
messean01,1971
messean01,1974
messean01,1975
messean01,1976
michaca01,1949
michaca01,1950
mikolmi01,2018
mikolmi01,2022
mileywa01,2012
millafe01,1969
millafe01,1970
millafe01,1971
millean01,2016
millean01,2017
milleda02,2002
milleed03,1939
milleed03,1940
milleed03,1941
milleed03,1942
milleed03,1943
milleed03,1944
milleed03,1946
milleed03,1947
millehe01,1947
millema03,2024
millesh01,2015
millest01,1961
millest01,1961
millwke01,1999
milnaal01,1940
miltoer01,2001
miltohe01,1936
miltohe01,1937
miltohe01,1938
miltohe01,1939
miltohe01,1940
minchdo01,1967
minchdo01,1969
minosmi01,1947
minosmi01,1948
minosmi01,1951
minosmi01,1952
minosmi01,1953
minosmi01,1954
minosmi01,1957
minosmi01,1959
minosmi01,1959
minosmi01,1960
minosmi01,1960
mintogr01,1982
misioja01,2025
mitchda01,1949
mitchda01,1952
mitchge01,1940
mitchge01,1941
mitchke01,1989
mitchke01,1990
mizeca01,2025
mizejo01,1937
mizejo01,1939
mizejo01,1940
mizejo01,1941
mizejo01,1942
mizejo01,1946
mizejo01,1947
mizejo01,1948
mizejo01,1949
mizejo01,1953
mizelvi01,1959
mizelvi01,1959
molinya01,2009
molinya01,2010
molinya01,2011
molinya01,2012
molinya01,2013
molinya01,2014
molinya01,2015
molinya01,2017
molinya01,2018
molinya01,2021
molitpa01,1980
molitpa01,1985
molitpa01,1988
molitpa01,1991
molitpa01,1992
molitpa01,1993
molitpa01,1994
monbobi01,1960
monbobi01,1960
monbobi01,1962
monbobi01,1963
mondari01,1968
mondari01,1978
mondera01,1995
moneydo01,1974
moneydo01,1976
moneydo01,1977
moneydo01,1978
mongesi01,1979
montawi01,1977
montejo01,1976
montemi01,2011
montemi01,2014
montgje01,1992
montgje01,1993
montgje01,1996
moodybl01,1939
moonwa01,1957
moonwa01,1959
moonwa01,1959
mooredo01,1985
moorege03,1937
moorejo02,1934
moorejo02,1935
moorejo02,1936
moorejo02,1937
moorejo02,1938
moorejo02,1940
moorema02,2013
mooremi01,1989
moorere01,1940
moorete01,1939
moorete01,1940
moorete01,1941
moorete01,1942
moralje01,1977
morame01,2003
morame01,2005
moranbi02,1962
moranbi02,1962
moranmi01,1995
morejad01,2025
morelmi01,2018
morelna01,1940
morgajo02,1966
morgajo02,1970
morgajo02,1972
morgajo02,1973
morgajo02,1974
morgajo02,1975
morgajo02,1976
morgajo02,1977
morgajo02,1978
morgajo02,1979
morgami01,1991
morneju01,2007
morneju01,2008
morneju01,2009
morneju01,2010
mornele01,1933
mornele01,1937
mornele01,1939
mornele01,1940
morriba01,1937
morriba01,1944
morrija02,1981
morrija02,1984
morrija02,1985
morrija02,1987
morrija02,1991
morrima01,2001
morrima01,2002
mortoch02,2018
mortoch02,2019
morynwa01,1958
mosebll01,1986
mosesje01,1970
moseswa01,1937
moseswa01,1945
mossbr01,2014
mossido01,1957
mosspo01,1937
mosspo01,1942
mosspo01,1943
motama01,1973
moustmi01,2015
moustmi01,2017
moustmi01,2019
moyerja01,2003
muelldo01,1954
muelldo01,1955
muellra01,1944
mulcahu01,1940
muldema01,2003
muldema01,2004
mulhote01,1993
mullice01,2021
mullipa01,1947
mullipa01,1948
mumphje01,1984
muncrbo01,1944
muncyma01,2019
muncyma01,2021
mungere01,1944
mungere01,1947
mungere01,1949
mungova01,1934
mungova01,1935
mungova01,1936
mungova01,1937
mungova01,1945
munozan01,2024
munozan01,2025
munsoth01,1971
munsoth01,1973
munsoth01,1974
munsoth01,1975
munsoth01,1976
munsoth01,1977
munsoth01,1978
murcebo01,1971
murcebo01,1972
murcebo01,1973
murcebo01,1974
murcebo01,1975
murphda05,1980
murphda05,1982
murphda05,1983
murphda05,1984
murphda05,1985
murphda05,1986
murphda05,1987
murphda08,2014
murphda08,2016
murphda08,2017
murphjo04,1937
murphjo04,1938
murphjo04,1939
murphse01,2023
murraed02,1978
murraed02,1981
murraed02,1982
murraed02,1983
murraed02,1984
murraed02,1985
murraed02,1986
murraed02,1991
musgrjo01,2022
musiast01,1943
musiast01,1944
musiast01,1946
musiast01,1947
musiast01,1948
musiast01,1949
musiast01,1950
musiast01,1951
musiast01,1952
musiast01,1953
musiast01,1954
musiast01,1955
musiast01,1956
musiast01,1957
musiast01,1958
musiast01,1959
musiast01,1959
musiast01,1960
musiast01,1960
musiast01,1961
musiast01,1961
musiast01,1962
musiast01,1962
musiast01,1963
mussimi01,1992
mussimi01,1993
mussimi01,1994
mussimi01,1997
mussimi01,1999
myerbu01,1935
myerbu01,1937
myersra01,1990
myersra01,1994
myersra01,1995
myersra01,1997
myerswi01,2016
nagych01,1992
nagych01,1996
nagych01,1999
napolmi01,2012
narlera01,1956
narlera01,1958
narvaom01,2021
nathajo01,2004
nathajo01,2005
nathajo01,2008
nathajo01,2009
nathajo01,2012
nathajo01,2013
navardi01,2008
naylojo01,2024
neaglde01,1995
neaglde01,1997
nealch01,1959
nealch01,1960
nealch01,1960
neilra01,1947
nelsoau01,1937
nelsocl01,1946
nelsoda01,1973
nelsoje01,2001
nenro01,1998
nenro01,1999
nenro01,2002
neshepa01,2014
neshepa01,2017
nettlgr01,1975
nettlgr01,1977
nettlgr01,1978
nettlgr01,1979
nettlgr01,1980
nettlgr01,1985
nevinph01,2001
newcodo01,1949
newcodo01,1950
newcodo01,1951
newcodo01,1955
newhoha01,1942
newhoha01,1943
newhoha01,1944
newhoha01,1945
newhoha01,1946
newhoha01,1947
newhoha01,1948
newmaje01,1979
newsobo01,1938
newsobo01,1939
newsobo01,1940
newsobo01,1944
nichobi01,1940
nichobi01,1941
nichobi01,1943
nichobi01,1944
nichobi01,1945
niekrjo01,1979
niekrph01,1969
niekrph01,1975
niekrph01,1978
niekrph01,1982
niekrph01,1984
nilssda01,1999
nokesma01,1987
nolaaa01,2018
nolanga01,1972
nomohi01,1995
norenir01,1954
norride01,2014
norrimi01,1981
nunezed02,2016
nuxhajo01,1955
nuxhajo01,1956
odayda01,2015
odeake01,1945
odellbi01,1958
odellbi01,1959
odombl01,1968
odombl01,1969
odonojo01,1965
odorija01,2019
odoulle01,1933
offerjo01,1995
offerjo01,1999
ogandal01,2011
oglivbe01,1980
oglivbe01,1982
oglivbe01,1983
ohearry01,2025
ohtansh01,2021
ohtansh01,2022
ohtansh01,2023
ohtansh01,2024
ohtansh01,2025
okajihi01,2007
olerujo01,1993
olerujo01,2001
olivato01,1964
olivato01,1965
olivato01,1966
olivato01,1967
olivato01,1968
olivato01,1969
olivato01,1970
olivato01,1971
oliveal01,1972
oliveal01,1975
oliveal01,1976
oliveal01,1980
oliveal01,1981
oliveal01,1982
oliveal01,1983
olivejo02,1937
olsongr01,1990
olsongr02,1990
olsonma02,2021
olsonma02,2023
olsonma02,2025
omsal01,1935
oneilbu01,1942
oneilbu01,1943
oneilpa01,1991
oneilpa01,1994
oneilpa01,1995
oneilpa01,1997
oneilpa01,1998
ontivst02,1995
ordonma01,1999
ordonma01,2000
ordonma01,2001
ordonma01,2003
ordonma01,2006
ordonma01,2007
oroscje01,1983
oroscje01,1984
ortajo01,1975
ortajo01,1980
ortizda01,2004
ortizda01,2005
ortizda01,2006
ortizda01,2007
ortizda01,2008
ortizda01,2010
ortizda01,2011
ortizda01,2012
ortizda01,2013
ortizda01,2016
ortizru01,2003
osteecl01,1967
osteecl01,1970
osteecl01,1973
osunaro01,2017
oswalro01,2005
oswalro01,2006
oswalro01,2007
otisam01,1970
otisam01,1971
otisam01,1972
otisam01,1973
otisam01,1976
otoolji01,1963
ottme01,1934
ottme01,1935
ottme01,1936
ottme01,1937
ottme01,1938
ottme01,1939
ottme01,1940
ottme01,1941
ottme01,1942
ottme01,1943
ottme01,1944
ottme01,1945
owenmi01,1941
owenmi01,1942
owenmi01,1943
owenmi01,1944
owenssm01,1939
ozunama01,2016
ozunama01,2017
ozunama01,2024
pacioto01,1981
padilvi01,2002
pafkoan01,1945
pafkoan01,1947
pafkoan01,1948
pafkoan01,1949
pafkoan01,1950
pagejo01,1944
pagejo01,1947
pagejo01,1948
pagnoto01,1992
paigesa01,1934
paigesa01,1936
paigesa01,1941
paigesa01,1942
paigesa01,1943
paigesa01,1943
paigesa01,1944
paigesa01,1952
paigesa01,1953
palmede01,1998
palmeji01,1970
palmeji01,1971
palmeji01,1972
palmeji01,1975
palmeji01,1977
palmeji01,1978
palmera01,1988
palmera01,1991
palmera01,1998
palmera01,1999
panikjo01,2015
papeljo01,2006
papeljo01,2007
papeljo01,2008
papeljo01,2009
papeljo01,2012
papeljo01,2015
pappami01,1962
pappami01,1962
pappami01,1965
paredis01,2024
paredis01,2025
parkch01,2001
parkeda01,1977
parkeda01,1979
parkeda01,1980
parkeda01,1981
parkeda01,1985
parkeda01,1986
parkeda01,1990
parketo01,1939
parketo01,1945
parneme01,1949
parneme01,1951
parnero01,1934
parnero01,1939
parnero01,1939
parrila01,1979
parrila01,1987
parrila02,1980
parrila02,1982
parrila02,1983
parrila02,1984
parrila02,1985
parrila02,1986
parrila02,1988
parrila02,1990
partlro01,1939
pascuca02,1959
pascuca02,1960
pascuca02,1960
pascuca02,1961
pascuca02,1962
pascuca02,1964
passecl01,1941
passecl01,1942
passecl01,1943
passecl01,1945
passecl01,1946
patekfr01,1972
patekfr01,1976
patekfr01,1978
pattepa02,1934
pattepa02,1936
pattepa02,1939
pattepa02,1942
pattima01,1971
pavanca01,2004
pavliro01,1996
pearsal02,1963
pearsle01,1941
pearsle01,1942
pearsle01,1943
pearsle01,1943
pearsle01,1943
pearsle01,1944
pearsle01,1945
pearsle01,1946
pearsmo01,1936
pearsmo01,1940
peavyja01,2005
peavyja01,2007
peavyja01,2012
pederjo01,2015
pederjo01,2022
pedrodu01,2008
pedrodu01,2009
pedrodu01,2010
pedrodu01,2013
penaca01,2009
penaje02,2025
penato01,1982
penato01,1984
penato01,1985
penato01,1986
penato01,1989
pencehu01,2009
pencehu01,2011
pencehu01,2014
pencehu01,2019
pendlte01,1992
penniar01,1942
penniar01,1944
penniar01,1945
pennybr01,2006
pennybr01,2007
pepitjo01,1963
pepitjo01,1964
pepitjo01,1965
peralfr01,2021
peralfr01,2025
peraljh01,2011
peraljh01,2013
peraljh01,2015
percitr01,1996
percitr01,1998
percitr01,1999
percitr01,2001
perdoge01,2023
perezca01,1995
perezch01,2011
perezch01,2012
perezja01,1943
perezma02,2022
perezod01,2002
perezpa01,1983
perezsa02,2013
perezsa02,2014
perezsa02,2015
perezsa02,2016
perezsa02,2017
perezsa02,2018
perezsa02,2021
perezsa02,2023
perezsa02,2024
perezto01,1967
perezto01,1968
perezto01,1969
perezto01,1970
perezto01,1974
perezto01,1975
perezto01,1976
perkibi01,1934
perkibi01,1940
perkigl01,2013
perkigl01,2014
perkigl01,2015
perryga01,1966
perryga01,1970
perryga01,1972
perryga01,1974
perryga01,1979
perryge01,1988
perryji01,1961
perryji01,1970
perryji01,1971
peskyjo01,1946
peterda01,2025
peterfr01,1970
peterga01,1964
peterga01,1967
petrori01,1967
petrori01,1969
petryda01,1985
pettian01,1996
pettian01,2001
pettian01,2010
phelpba01,1938
phelpba01,1939
phelpba01,1940
phillbr01,2010
phillbr01,2011
phillbr01,2013
piazzmi01,1993
piazzmi01,1994
piazzmi01,1995
piazzmi01,1996
piazzmi01,1997
piazzmi01,1998
piazzmi01,1999
piazzmi01,2000
piazzmi01,2001
piazzmi01,2002
piazzmi01,2004
piazzmi01,2005
piercbi02,1953
piercbi02,1955
piercbi02,1956
piercbi02,1957
piercbi02,1958
piercbi02,1959
piercbi02,1961
piersji01,1954
piersji01,1956
pierzaj01,2002
pierzaj01,2006
pinedmi01,2011
pinielo01,1972
pinsova01,1959
pinsova01,1959
pinsova01,1960
pinsova01,1960
pizarju01,1963
pizarju01,1964
plesada01,1987
plesada01,1988
plesada01,1989
pocorbi01,1978
podrejo01,1958
podrejo01,1960
podrejo01,1960
podrejo01,1962
podsesc01,2005
polanjo01,2019
polanpl01,2007
polanpl01,2011
polleho01,1943
polleho01,1946
polleho01,1949
polloaj01,2015
pomerdr01,2016
portebo01,1954
porteda02,1974
porteda02,1978
porteda02,1979
porteda02,1980
posadjo01,2000
posadjo01,2001
posadjo01,2002
posadjo01,2003
posadjo01,2007
poseybu01,2012
poseybu01,2013
poseybu01,2015
poseybu01,2016
poseybu01,2017
poseybu01,2018
poseybu01,2021
powelbi02,1948
powelbo01,1968
powelbo01,1969
powelbo01,1970
powelbo01,1971
powervi01,1955
powervi01,1956
powervi01,1959
powervi01,1959
powervi01,1960
powervi01,1960
pradoma01,2010
preslji01,1986
pressry01,2019
pressry01,2021
priceda01,2010
priceda01,2011
priceda01,2012
priceda01,2014
priceda01,2015
priorma01,2003
profaju01,2024
puckeki01,1986
puckeki01,1987
puckeki01,1988
puckeki01,1989
puckeki01,1990
puckeki01,1991
puckeki01,1992
puckeki01,1993
puckeki01,1994
puckeki01,1995
puhlte01,1978
puigya01,2014
pujolal01,2001
pujolal01,2003
pujolal01,2004
pujolal01,2005
pujolal01,2006
pujolal01,2007
pujolal01,2008
pujolal01,2009
pujolal01,2010
pujolal01,2015
pujolal01,2022
purkebo01,1958
purkebo01,1961
purkebo01,1961
purkebo01,1962
putzjj01,2007
quantpa01,2001
quentca01,2008
quentca01,2011
quintjo01,2016
quiseda01,1982
quiseda01,1983
quiseda01,1984
radatdi01,1963
radatdi01,1964
radclal01,1933
radclal01,1934
radclal01,1935
radclal01,1936
radclal01,1937
radclal01,1938
radclal01,1939
radclal01,1943
radclal01,1944
radclal01,1945
radclal01,1945
radclal01,1946
radclri01,1936
radclte01,1937
radclte01,1938
radclte01,1939
radclte01,1941
radclte01,1943
radclte01,1944
radkebr01,1998
raffeke01,1944
raganco01,2024
raineti01,1981
raineti01,1982
raineti01,1983
raineti01,1984
raineti01,1985
raineti01,1986
raineti01,1987
raleica01,2025
ramiral03,2014
ramirar01,2005
ramirar01,2008
ramirar01,2014
ramirha01,2008
ramirha01,2009
ramirha01,2010
ramirjo01,2017
ramirjo01,2018
ramirjo01,2021
ramirjo01,2022
ramirjo01,2023
ramirjo01,2024
ramirjo01,2025
ramirma02,1995
ramirma02,1998
ramirma02,1999
ramirma02,2000
ramirma02,2001
ramirma02,2002
ramirma02,2003
ramirma02,2004
ramirma02,2005
ramirma02,2006
ramirma02,2007
ramirma02,2008
ramirra01,1984
ramosaj01,2016
ramoshe02,2024
ramospe01,1959
ramoswi01,2016
ramoswi01,2018
randowi01,1976
randowi01,1977
randowi01,1980
randowi01,1981
randowi01,1987
randowi01,1989
raschvi01,1948
raschvi01,1949
raschvi01,1950
raschvi01,1952
rasmudr01,2025
rawlesh01,1986
rayjo01,1988
raymocl01,1966
rayro02,2017
rayro02,2025
realmjt01,2018
realmjt01,2019
realmjt01,2021
reardje01,1985
reardje01,1986
reardje01,1988
reardje01,1991
redmama01,2006
reduswi01,1936
reduswi01,1937
reedri01,1998
reedri01,2001
reedro01,1968
reesepe01,1942
reesepe01,1946
reesepe01,1947
reesepe01,1948
reesepe01,1949
reesepe01,1950
reesepe01,1951
reesepe01,1952
reesepe01,1953
reesepe01,1954
reevedo01,1940
reganph01,1966
reisepe01,1941
reisepe01,1942
reisepe01,1946
reitzke01,1980
remlimi01,2002
remyje01,1978
rendoan01,2019
renfrch01,1946
renteed01,1998
renteed01,2000
renteed01,2003
renteed01,2004
renteed01,2006
repulri01,1956
reuscri01,1977
reuscri01,1987
reuscri01,1989
reussje01,1975
reussje01,1980
reyesal02,2021
reyesjo01,2006
reyesjo01,2007
reyesjo01,2010
reyesjo01,2011
reynoal01,1945
reynoal01,1949
reynoal01,1950
reynoal01,1952
reynoal01,1953
reynoal01,1954
reynobr01,2021
reynobr01,2024
reynocr01,1978
reynocr01,1979
reynoha01,1987
reynoha01,1988
reynosh01,2000
rhodear01,2010
rhoderi01,1976
rhoderi01,1986
ricede01,1953
riceji01,1977
riceji01,1978
riceji01,1979
riceji01,1980
riceji01,1983
riceji01,1984
riceji01,1985
riceji01,1986
richabo01,1957
richabo01,1959
richabo01,1962
richabo01,1962
richabo01,1963
richabo01,1964
richabo01,1965
richabo01,1966
richajr01,1980
richepe01,1965
richepe01,1966
ricksbi01,1945
riddlel01,1948
riddlma01,1939
riddlma01,1940
riddlma01,1940
riggsle01,1936
righeda01,1986
righeda01,1987
rignebi01,1948
rijojo01,1994
rileyau01,2022
rileyau01,2023
riosal01,2006
riosal01,2007
ripkeca01,1983
ripkeca01,1984
ripkeca01,1985
ripkeca01,1986
ripkeca01,1987
ripkeca01,1988
ripkeca01,1989
ripkeca01,1990
ripkeca01,1991
ripkeca01,1992
ripkeca01,1993
ripkeca01,1994
ripkeca01,1995
ripkeca01,1996
ripkeca01,1997
ripkeca01,1998
ripkeca01,1999
ripkeca01,2000
ripkeca01,2001
riverfe01,2018
riverfe01,2019
riverma01,1997
riverma01,1999
riverma01,2000
riverma01,2001
riverma01,2002
riverma01,2004
riverma01,2005
riverma01,2006
riverma01,2008
riverma01,2009
riverma01,2010
riverma01,2011
riverma01,2013
rivermi01,1976
rizzoan01,2014
rizzoan01,2015
rizzoan01,2016
rizzuph01,1942
rizzuph01,1950
rizzuph01,1951
rizzuph01,1952
rizzuph01,1953
roberbi01,1992
roberbr01,2005
roberbr01,2007
roberda08,2011
roberlu01,2023
roberro01,1950
roberro01,1951
roberro01,1952
roberro01,1953
roberro01,1954
roberro01,1955
roberro01,1956
robinaa01,1947
robinbo01,1940
robinbr01,1960
robinbr01,1960
robinbr01,1961
robinbr01,1961
robinbr01,1962
robinbr01,1962
robinbr01,1963
robinbr01,1964
robinbr01,1965
robinbr01,1966
robinbr01,1967
robinbr01,1968
robinbr01,1969
robinbr01,1970
robinbr01,1971
robinbr01,1972
robinbr01,1973
robinbr01,1974
robined01,1949
robined01,1951
robined01,1952
robined01,1953
robinfr02,1956
robinfr02,1957
robinfr02,1959
robinfr02,1959
robinfr02,1961
robinfr02,1961
robinfr02,1962
robinfr02,1965
robinfr02,1966
robinfr02,1967
robinfr02,1969
robinfr02,1970
robinfr02,1971
robinfr02,1974
robinja02,1945
robinja02,1949
robinja02,1950
robinja02,1951
robinja02,1952
robinja02,1953
robinja02,1954
robinne01,1938
robinne01,1939
robinne01,1940
robinne01,1941
robinne01,1943
robinne01,1944
robinne01,1944
robinne01,1945
robinne01,1945
robinne01,1948
rodnefe01,2012
rodnefe01,2014
rodnefe01,2016
rodonca01,2021
rodonca01,2022
rodonca01,2025
rodrial01,1996
rodrial01,1997
rodrial01,1998
rodrial01,2000
rodrial01,2001
rodrial01,2002
rodrial01,2003
rodrial01,2004
rodrial01,2005
rodrial01,2006
rodrial01,2007
rodrial01,2008
rodrial01,2010
rodrial01,2011
rodriel01,1969
rodriel01,1972
rodrifr03,2004
rodrifr03,2007
rodrifr03,2008
rodrifr03,2009
rodrifr03,2014
rodrifr03,2015
rodrihe01,1944
rodrihe02,1996
rodriiv01,1992
rodriiv01,1993
rodriiv01,1994
rodriiv01,1995
rodriiv01,1996
rodriiv01,1997
rodriiv01,1998
rodriiv01,1999
rodriiv01,2000
rodriiv01,2001
rodriiv01,2004
rodriiv01,2005
rodriiv01,2006
rodriiv01,2007
rodriju01,2022
rodriju01,2023
rodriju01,2025
rodrira02,2025
roepr01,1945
roepr01,1949
roepr01,1950
roepr01,1951
roepr01,1952
roganbu99,1936
roganbu99,1937
rogerke01,1995
rogerke01,2004
rogerke01,2005
rogerke01,2006
rogerst01,1974
rogerst01,1978
rogerst01,1979
rogerst01,1982
rogerst01,1983
rogerta01,2021
rogertr01,2021
rojasco01,1965
rojasco01,1971
rojasco01,1972
rojasco01,1973
rojasco01,1974
rolensc01,2002
rolensc01,2003
rolensc01,2004
rolensc01,2005
rolensc01,2006
rolensc01,2010
rolensc01,2011
rolfere01,1937
rolfere01,1938
rolfere01,1939
rolfere01,1940
rolliji01,2001
rolliji01,2002
rolliji01,2005
rolliri01,1962
rolliri01,1962
romanjo01,1961
romanjo01,1961
romanjo01,1962
romanjo03,2022
romanjo03,2023
rombybo01,1947
romerri01,2011
romose01,2013
rookebr01,2023
rookebr01,2025
rosadjo01,1997
rosadjo01,1999
rosarbu01,1942
rosarbu01,1943
rosarbu01,1946
rosarbu01,1947
rosarbu01,1948
rosebjo01,1958
rosebjo01,1961
rosebjo01,1961
rosebjo01,1962
rosebjo01,1969
rosenal01,1952
rosenal01,1953
rosenal01,1954
rosenal01,1955
rosengo01,1945
rosentr01,2015
rosepe01,1965
rosepe01,1967
rosepe01,1968
rosepe01,1969
rosepe01,1970
rosepe01,1971
rosepe01,1973
rosepe01,1974
rosepe01,1975
rosepe01,1976
rosepe01,1977
rosepe01,1978
rosepe01,1979
rosepe01,1980
rosepe01,1981
rosepe01,1982
rosepe01,1985
rossty01,2014
rowanaa01,2007
rowesc01,1935
rowesc01,1936
rowesc01,1947
rudijo01,1972
rudijo01,1974
rudijo01,1975
ruffile01,1943
ruffile01,1946
ruffire01,1934
ruffire01,1938
ruffire01,1939
ruffire01,1940
ruffire01,1941
ruffire01,1942
ruizca01,2012
ruizsi01,1940
runnepe01,1959
runnepe01,1959
runnepe01,1960
runnepe01,1960
runnepe01,1962
rushbo01,1950
rushbo01,1952
russead02,2016
russebi01,1973
russebi01,1976
russebi01,1980
russeja01,1934
russeje01,1988
russeje01,1989
russejo03,1933
russoma01,1941
ruthba01,1933
ruthba01,1934
ruthvdi01,1976
ruthvdi01,1981
rutscad01,2023
rutscad01,2024
ryanbj01,2005
ryanbj01,2006
ryanco01,1944
ryanjo04,2025
ryanno01,1972
ryanno01,1973
ryanno01,1975
ryanno01,1977
ryanno01,1979
ryanno01,1981
ryanno01,1985
ryanno01,1989
ryuhy01,2019
sabatcc01,2003
sabatcc01,2004
sabatcc01,2007
sabatcc01,2010
sabatcc01,2011
sabatcc01,2012
saberbr01,1987
saberbr01,1990
saberbr01,1994
saboch01,1988
saboch01,1990
saboch01,1991
sainjo01,1947
sainjo01,1948
sainjo01,1953
saitota01,2007
salazda01,2016
salech01,2012
salech01,2013
salech01,2014
salech01,2015
salech01,2016
salech01,2017
salech01,2018
salech01,2024
salech01,2025
samarje01,2014
sambijo01,1979
sampsto01,1937
sampsto01,1940
sampsto01,1941
sampsto01,1942
sampsto01,1943
samueju01,1984
samueju01,1987
samueju01,1991
sanchaa01,2016
sanchcr01,2024
sanchfr01,2006
sanchfr01,2007
sanchfr01,2009
sanchga01,2011
sanchga02,2017
sanchga02,2019
sandbry01,1984
sandbry01,1985
sandbry01,1986
sandbry01,1987
sandbry01,1988
sandbry01,1989
sandbry01,1990
sandbry01,1991
sandbry01,1992
sandbry01,1993
sandere02,1995
sandesc01,1991
sandopa01,2011
sandopa01,2012
sanfoja02,1957
sanguma01,1971
sanguma01,1972
sanguma01,1975
sanomi01,2017
santaan02,2024
santaca01,2019
santaer01,2008
santaer01,2017
santajo01,2005
santajo01,2006
santajo01,2007
santajo01,2009
santibe01,1989
santibe01,1990
santibe01,1991
santibe01,1992
santibe01,2002
santihe01,2015
santijo02,1968
santoro01,1963
santoro01,1964
santoro01,1965
santoro01,1966
santoro01,1968
santoro01,1969
santoro01,1971
santoro01,1972
santoro01,1973
sasakka01,2001
sasakka01,2002
sauerha01,1950
sauerha01,1952
saundjo01,2008
saundmi01,2016
saxst01,1982
saxst01,1983
saxst01,1986
saxst01,1989
saxst01,1990
scalege01,1943
scantpa01,1946
scarbra01,1950
scheiri01,1972
scherma01,2013
scherma01,2014
scherma01,2015
scherma01,2016
scherma01,2017
scherma01,2018
scherma01,2019
scherma01,2021
schilcu01,1997
schilcu01,1998
schilcu01,1999
schilcu01,2001
schilcu01,2002
schilcu01,2004
schmibo02,1958
schmija01,2003
schmija01,2004
schmija01,2006
schmijo01,1946
schmijo01,1948
schmimi01,1974
schmimi01,1976
schmimi01,1977
schmimi01,1979
schmimi01,1980
schmimi01,1981
schmimi01,1982
schmimi01,1983
schmimi01,1984
schmimi01,1986
schmimi01,1987
schmimi01,1989
schoere01,1946
schoere01,1948
schoere01,1949
schoere01,1950
schoere01,1951
schoere01,1952
schoere01,1953
schoere01,1954
schoere01,1955
schoere01,1957
schoojo01,2017
schroke01,1986
schumha02,1933
schumha02,1935
schwado01,1961
schwaky01,2021
schwaky01,2022
schwaky01,2025
sciosmi01,1989
sciosmi01,1990
scorehe01,1955
scorehe01,1956
scottge02,1966
scottge02,1975
scottge02,1977
scottjo03,1944
scottjo03,1946
scottmi03,1986
scottmi03,1987
scottmi03,1989
scottta01,2024
scutama01,2013
seageco01,2016
seageco01,2017
seageco01,2022
seageco01,2023
seageco01,2024
seageky01,2014
seaveto01,1967
seaveto01,1968
seaveto01,1969
seaveto01,1970
seaveto01,1971
seaveto01,1972
seaveto01,1973
seaveto01,1975
seaveto01,1976
seaveto01,1977
seaveto01,1978
seaveto01,1981
seaydi01,1935
seaydi01,1940
seaydi01,1941
segrajc01,1937
segurje01,2013
segurje01,2018
seitzke01,1987
seitzke01,1995
seleaa01,1998
seleaa01,2000
selkige01,1936
selkige01,1939
semiema01,2021
semiema01,2023
semiema01,2024
seminan01,1949
sengako01,2023
serrebo01,1943
serrebo01,1944
serrebo01,1944
severlu01,2017
severlu01,2018
sewellu01,1937
sewelri01,1943
sewelri01,1944
sewelri01,1945
sewelri01,1946
sexsori01,2002
sexsori01,2003
shantbo01,1951
shantbo01,1952
shantbo01,1957
sharpmi01,1992
shawbo01,1962
shawje01,1998
shawje01,2001
sheasp01,1947
sheetbe01,2001
sheetbe01,2004
sheetbe01,2007
sheetbe01,2008
sheffga01,1992
sheffga01,1993
sheffga01,1996
sheffga01,1998
sheffga01,1999
sheffga01,2000
sheffga01,2003
sheffga01,2004
sheffga01,2005
sherrge01,2008
shielja02,2011
shortch02,1964
shortch02,1967
siasge01,1939
siebedi01,1943
siebeno01,1962
siebeno01,1963
siebeno01,1964
siebeso01,1966
siebeso01,1971
sierrru01,1989
sierrru01,1991
sierrru01,1992
sierrru01,1994
sievero01,1956
sievero01,1957
sievero01,1959
sievero01,1959
sievero01,1961
simmoal01,1933
simmoal01,1934
simmoal01,1935
simmocu01,1952
simmocu01,1953
simmocu01,1957
simmote01,1972
simmote01,1973
simmote01,1974
simmote01,1977
simmote01,1978
simmote01,1979
simmote01,1981
simmote01,1983
simmswi01,1943
simonal01,2014
simpsha01,1956
simpswa01,1970
singebi01,1969
singebi01,1973
singlke01,1977
singlke01,1979
singlke01,1981
sisledi01,1950
sizemgr01,2006
sizemgr01,2007
sizemgr01,2008
skenepa01,2024
skenepa01,2025
skinnbo01,1958
skinnbo01,1960
skinnbo01,1960
skowrbi01,1957
skowrbi01,1958
skowrbi01,1959
skowrbi01,1959
skowrbi01,1960
skowrbi01,1960
skowrbi01,1961
skowrbi01,1965
skubata01,2024
skubata01,2025
slatoji01,1977
slaugen01,1941
slaugen01,1942
slaugen01,1946
slaugen01,1947
slaugen01,1948
slaugen01,1949
slaugen01,1950
slaugen01,1951
slaugen01,1952
slaugen01,1953
slocuhe01,1995
smallro02,1979
smilejo01,1991
smilejo01,1995
smithal03,1943
smithal04,1955
smithal04,1960
smithal04,1960
smithbo07,1940
smithda02,1986
smithda02,1990
smithed04,1941
smithed04,1942
smitheu01,1940
smitheu01,1942
smithfo01,1947
smithha09,1957
smithha09,1959
smithha09,1959
smithhi99,1937
smithhi99,1938
smithhi99,1939
smithhi99,1940
smithhi99,1941
smithhi99,1942
smithle02,1983
smithle02,1987
smithle02,1991
smithle02,1992
smithle02,1993
smithle02,1994
smithle02,1995
smithlo01,1982
smithoz01,1981
smithoz01,1982
smithoz01,1983
smithoz01,1984
smithoz01,1985
smithoz01,1986
smithoz01,1987
smithoz01,1988
smithoz01,1989
smithoz01,1990
smithoz01,1991
smithoz01,1992
smithoz01,1994
smithoz01,1995
smithoz01,1996
smithre06,1969
smithre06,1972
smithre06,1974
smithre06,1975
smithre06,1977
smithre06,1978
smithre06,1980
smithsh02,2025
smithth01,1939
smithth01,1943
smithwi04,2019
smithwi05,2023
smithwi05,2024
smithwi05,2025
smoakju01,2017
smoltjo01,1989
smoltjo01,1992
smoltjo01,1993
smoltjo01,1996
smoltjo01,2002
smoltjo01,2003
smoltjo01,2005
smoltjo01,2007
snellbl01,2018
snidedu01,1950
snidedu01,1951
snidedu01,1952
snidedu01,1953
snidedu01,1954
snidedu01,1955
snidedu01,1956
snidedu01,1963
snowfe01,1935
snowfe01,1936
snowfe01,1940
snowfe01,1943
solerjo01,2023
sorenla01,1978
soriaal01,2002
soriaal01,2003
soriaal01,2004
soriaal01,2005
soriaal01,2006
soriaal01,2007
soriaal01,2008
soriajo01,2008
soriajo01,2010
soriara01,2010
sorokmi01,2019
sosasa01,1995
sosasa01,1998
sosasa01,1999
sosasa01,2000
sosasa01,2001
sosasa01,2002
sosasa01,2004
sotoge01,2008
sotogr01,2021
sotogr01,2022
sotoju01,2021
sotoju01,2022
sotoju01,2023
sotoju01,2024
sotoma01,1982
sotoma01,1983
sotoma01,1984
souelhe01,1943
souelhe01,1944
souelhe01,1947
souelhe01,1948
spahnwa01,1947
spahnwa01,1949
spahnwa01,1950
spahnwa01,1951
spahnwa01,1952
spahnwa01,1953
spahnwa01,1954
spahnwa01,1956
spahnwa01,1957
spahnwa01,1958
spahnwa01,1959
spahnwa01,1959
spahnwa01,1961
spahnwa01,1961
spahnwa01,1962
spahnwa01,1963
spearhe01,1940
spearhe01,1943
spearhe01,1943
speiech01,1972
speiech01,1973
speiech01,1974
spencji01,1973
spencjo02,1945
spencst01,1942
spencst01,1944
spencst01,1946
spencst01,1947
spiveju01,2002
spraged02,1999
springe01,2017
springe01,2018
springe01,2019
springe01,2022
stalege01,1952
stalege01,1953
stalege01,1960
stalege01,1960
stanhdo01,1979
stanked01,1947
stanked01,1948
stanked01,1950
stanlbo01,1979
stanlbo01,1983
stanlmi02,1995
stanlne01,1945
stantmi02,2001
stantmi03,2012
stantmi03,2014
stantmi03,2015
stantmi03,2017
stantmi03,2022
stargwi01,1964
stargwi01,1965
stargwi01,1966
stargwi01,1971
stargwi01,1972
stargwi01,1973
stargwi01,1978
starrra01,1942
staubru01,1967
staubru01,1968
staubru01,1969
staubru01,1970
staubru01,1971
staubru01,1976
stearjo01,1977
stearjo01,1979
stearjo01,1980
stearjo01,1982
steartu99,1933
steartu99,1934
steartu99,1935
steartu99,1937
steartu99,1939
steelju01,2023
steinte01,1988
steinte01,1989
steinte01,1993
stenhda01,1962
stephja02,1935
stephve01,1943
stephve01,1944
stephve01,1945
stephve01,1946
stephve01,1948
stephve01,1949
stephve01,1950
stephve01,1951
stewada01,1989
stiebda01,1980
stiebda01,1981
stiebda01,1983
stiebda01,1984
stiebda01,1985
stiebda01,1988
stiebda01,1990
stigmdi01,1960
stigmdi01,1960
stillku01,1988
stirnsn01,1945
stirnsn01,1946
stonebi01,1972
stonede01,1954
stoneed01,1935
stoneed01,1939
stoneed01,1940
stonest01,1980
storytr01,2018
storytr01,2019
stottme01,1965
stottme01,1966
stottme01,1968
stottme01,1969
stottme01,1970
stoweky01,2025
strahma01,2024
strasst01,2012
strasst01,2016
strasst01,2017
stratmo01,1937
strawda01,1984
strawda01,1985
strawda01,1986
strawda01,1987
strawda01,1988
strawda01,1989
strawda01,1990
strawda01,1991
streehu01,2012
streehu01,2014
streesa01,1933
stridsp01,2023
stripro01,2018
stromma01,2023
stronte01,1937
stronte01,1937
stronte01,1938
stronte01,1939
stronte01,1941
stronte01,1942
stuardi01,1961
stuardi01,1961
suareeu01,2018
suareeu01,2025
suarera01,2024
suarero01,2024
suarero01,2025
suhrgu01,1936
sullifr01,1955
sullifr01,1956
sundbji01,1974
sundbji01,1978
sundbji01,1984
surhobj01,1999
sutclri01,1983
sutclri01,1987
sutclri01,1989
suttebr01,1977
suttebr01,1978
suttebr01,1979
suttebr01,1980
suttebr01,1981
suttebr01,1984
suttlmu99,1933
suttlmu99,1934
suttlmu99,1935
suttlmu99,1937
suttlmu99,1939
suttlmu99,1939
suttodo01,1972
suttodo01,1973
suttodo01,1975
suttodo01,1977
suzukic01,2001
suzukic01,2002
suzukic01,2003
suzukic01,2004
suzukic01,2005
suzukic01,2006
suzukic01,2007
suzukic01,2008
suzukic01,2009
suzukic01,2010
suzukku01,2014
swansda01,2022
swansda01,2023
sweenmi01,2000
sweenmi01,2001
sweenmi01,2002
sweenmi01,2003
sweenmi01,2005
swindgr01,1989
swishni01,2010
swishst01,1976
syndeno01,2016
tablepa01,1987
tanakma01,2014
tanakma01,2019
tananfr01,1976
tananfr01,1977
tananfr01,1978
tartada01,1991
tatisfe02,2021
tatisfe02,2024
tatisfe02,2025
tatumgo01,1947
tayloch03,2021
tayloje01,1939
tayloje01,1940
tayloje01,1941
taylojo05,1938
taylole02,1936
tayloto02,1960
tayloto02,1960
tebbebi01,1941
tebbebi01,1942
tebbebi01,1948
tebbebi01,1949
teherju01,2014
teherju01,2016
teixema01,2005
teixema01,2009
teixema01,2015
tejadmi01,2002
tejadmi01,2004
tejadmi01,2005
tejadmi01,2006
tejadmi01,2008
tejadmi01,2009
tekulke01,1980
templga01,1977
templga01,1979
templga01,1985
templjo01,1956
templjo01,1957
templjo01,1959
templjo01,1959
templjo01,1961
templjo01,1961
tenacge01,1975
terrybi01,1933
terrybi01,1934
terrybi01,1935
terryra01,1962
tettlmi01,1989
tettlmi01,1994
tewksbo01,1992
thigpbo01,1990
thomada02,1943
thomada02,1944
thomafr03,1954
thomafr03,1955
thomafr03,1958
thomafr04,1993
thomafr04,1994
thomafr04,1995
thomafr04,1996
thomafr04,1997
thomago01,1981
thomale03,1962
thomale03,1962
thomeji01,1997
thomeji01,1998
thomeji01,1999
thomeji01,2004
thomeji01,2006
thompja01,1977
thompja01,1978
thompja01,1982
thompju02,1997
thompro01,1988
thompro01,1993
thomsbo01,1948
thomsbo01,1949
thomsbo01,1952
thondi01,1983
thornan01,1982
thornan01,1984
thornma01,2010
tiantlu01,1968
tiantlu01,1974
tiantlu01,1976
tiantlu02,1935
tiantlu02,1947
tillmch01,2013
tobinji01,1944
torregl01,2018
torregl01,2019
torregl01,2025
torrejo01,1963
torrejo01,1964
torrejo01,1965
torrejo01,1966
torrejo01,1967
torrejo01,1970
torrejo01,1971
torrejo01,1972
torrejo01,1973
trachst01,1996
trammal01,1980
trammal01,1984
trammal01,1985
trammal01,1987
trammal01,1988
trammal01,1990
travebi01,1976
travice01,1938
travice01,1940
travice01,1941
traynpi01,1933
traynpi01,1934
treinbl01,2018
trentte01,1934
trentte01,1935
trentte01,1936
trentte01,1937
treshmi01,1945
treshto01,1962
treshto01,1963
trevijo01,2022
triangu01,1957
triangu01,1958
triangu01,1959
triangu01,1959
trillma01,1977
trillma01,1981
trillma01,1982
trillma01,1983
troupqu01,1938
troupqu01,1945
troupqu01,1945
troupqu01,1946
troupqu01,1947
troupqu01,1948
troutdi01,1944
troutdi01,1947
troutmi01,2012
troutmi01,2013
troutmi01,2014
troutmi01,2015
troutmi01,2016
troutmi01,2017
troutmi01,2018
troutmi01,2019
troutmi01,2021
troutmi01,2022
troutmi01,2023
truckvi01,1949
truckvi01,1954
trumbma01,2012
trumbma01,2016
tuckeky01,2022
tuckeky01,2023
tuckeky01,2024
tuckeky01,2025
tucketh01,1944
tulowtr01,2010
tulowtr01,2011
tulowtr01,2013
tulowtr01,2014
tulowtr01,2015
turlebo01,1954
turlebo01,1955
turlebo01,1958
turnbde01,2006
turneji01,1938
turneju01,2017
turneju01,2021
turnetr01,2021
turnetr01,2022
turnetr01,2024
twitcwa01,1973
ueharko01,2014
ugglada01,2006
ugglada01,2008
ugglada01,2012
uptonju01,2009
uptonju01,2011
uptonju01,2015
uptonju01,2017
urbinug01,1998
urbinug01,2002
utleych01,2006
utleych01,2007
utleych01,2008
utleych01,2009
utleych01,2010
utleych01,2014
valdefr01,2022
valdefr01,2023
valenel01,1977
valenfe01,1981
valenfe01,1982
valenfe01,1983
valenfe01,1984
valenfe01,1985
valenfe01,1986
valvejo01,2007
valvejo01,2010
valvejo01,2011
vandejo01,1938
vandejo01,1939
vandejo01,1942
vandejo01,1943
vanslan01,1988
vanslan01,1992
vanslan01,1993
vargaja01,2017
vargaro01,1948
vargate01,1942
vargate01,1943
varitja01,2003
varitja01,2005
varitja01,2008
vaughar01,1934
vaughar01,1935
vaughar01,1936
vaughar01,1937
vaughar01,1938
vaughar01,1939
vaughar01,1940
vaughar01,1941
vaughar01,1942
vaughgr01,1993
vaughgr01,1996
vaughgr01,1998
vaughgr01,2001
vaughmo01,1995
vaughmo01,1996
vaughmo01,1998
vazquja01,2004
vealebo01,1965
vealebo01,1966
ventejo01,2011
venturo01,1992
venturo01,2002
verbaem01,1945
verbaem01,1946
verbaem01,1947
verlaju01,2007
verlaju01,2009
verlaju01,2010
verlaju01,2011
verlaju01,2012
verlaju01,2013
verlaju01,2018
verlaju01,2019
verlaju01,2022
vernomi01,1946
vernomi01,1948
vernomi01,1953
vernomi01,1954
vernomi01,1955
vernomi01,1956
vernomi01,1958
versazo01,1963
versazo01,1965
victosh01,2009
victosh01,2011
vidrojo01,2000
vidrojo01,2002
vidrojo01,2003
vinafe01,1998
violafr01,1988
violafr01,1990
violafr01,1991
virgioz02,1985
virgioz02,1987
vizquom01,1998
vizquom01,1999
vizquom01,2002
vogelda01,2019
vogelry01,2011
vogtst01,2015
vogtst01,2016
voisebi01,1944
volqued01,2008
vosmijo01,1935
vottojo01,2010
vottojo01,2011
vottojo01,2012
vottojo01,2013
vottojo01,2017
vottojo01,2018
wachami01,2015
wagnebi02,1999
wagnebi02,2001
wagnebi02,2003
wagnebi02,2005
wagnebi02,2007
wagnebi02,2008
wagneha01,1942
wagneha01,1946
wagnele01,1962
wagnele01,1962
wagnele01,1963
wainwad01,2010
wainwad01,2013
wainwad01,2014
waitked01,1948
wakefdi01,1943
wakefti01,2009
waldejo01,2011
walkbo01,1988
walkebi01,1935
walkedi02,1943
walkedi02,1944
walkedi02,1945
walkedi02,1946
walkedi02,1947
walkeed02,1938
walkeed02,1943
walkege02,1937
walkeha01,1943
walkeha01,1947
walkeho01,1939
walkeje01,1959
walkela01,1992
walkela01,1997
walkela01,1998
walkela01,1999
walkela01,2001
walketa01,2021
wallati01,1984
wallati01,1985
wallati01,1987
wallati01,1989
wallati01,1990
wallsle01,1958
walshja01,2021
waltebu01,1937
waltebu01,1939
waltebu01,1940
waltebu01,1941
waltebu01,1942
waltebu01,1944
wanerll01,1938
wanerpa01,1933
wanerpa01,1934
wanerpa01,1935
wanerpa01,1937
warddu01,1993
wardga01,1983
wardga01,1985
warear01,1944
warear01,1945
warear01,1945
warear01,1946
warnelo01,1933
warnelo01,1934
warnelo01,1936
warnelo01,1939
warnelo01,1941
washicl01,1975
washicl01,1984
washijo01,1936
washijo01,1947
watkimu01,1943
watkimu01,1945
watkimu01,1946
watsobo01,1973
watsobo01,1975
watsoto01,2014
weaveje02,2010
weaveje02,2011
weaveje02,2012
webbbr01,2006
webbbr01,2007
webbbr01,2008
webblo01,2024
webblo01,2025
weeksri01,2011
weisswa01,1998
welchbo01,1980
welchbo01,1990
wellsda01,1995
wellsda01,1998
wellsda01,2000
wellsve01,2003
wellsve01,2006
wellsve01,2010
wellswi99,1933
wellswi99,1934
wellswi99,1935
wellswi99,1937
wellswi99,1938
wellswi99,1939
wellswi99,1942
wellswi99,1945
welmaro01,1945
wendljo01,2021
wertdo01,1968
werthja01,2009
wertzvi01,1949
wertzvi01,1951
wertzvi01,1952
wertzvi01,1957
westbja01,2004
westbjo01,2024
westji01,1936
westji01,1939
westji01,1942
westji01,1943
westlwa01,1951
westma02,1940
westrwe01,1952
westrwe01,1953
westsa01,1933
westsa01,1934
westsa01,1935
westsa01,1937
wettejo01,1996
wettejo01,1998
wettejo01,1999
whatlda01,1937
wheelza01,2021
wheelza01,2024
wheelza01,2025
whitalo01,1983
whitalo01,1984
whitalo01,1985
whitalo01,1986
whitalo01,1987
whitebi03,1959
whitebi03,1959
whitebi03,1960
whitebi03,1960
whitebi03,1961
whitebi03,1961
whitebi03,1963
whitebi03,1964
whitebu01,1935
whitebu01,1937
whitede03,1989
whitede03,1993
whitede03,1998
whitefr01,1978
whitefr01,1979
whitefr01,1981
whitefr01,1982
whitefr01,1986
whitero01,1969
whitero01,1970
whitero02,2003
whitesa02,1953
whitnpi01,1936
whitsed01,1980
whitter01,1985
wickmbo01,2000
wickmbo01,2005
wietema01,2011
wietema01,2012
wietema01,2014
wietema01,2016
wiggity01,2010
wilheho01,1953
wilheho01,1959
wilheho01,1959
wilheho01,1961
wilheho01,1961
wilheho01,1962
wilheho01,1970
wilkeji01,1948
willibe02,1997
willibe02,1998
willibe02,1999
willibe02,2000
willibe02,2001
willibi01,1962
willibi01,1964
willibi01,1965
willibi01,1968
willibi01,1972
willibi01,1973
willich03,1934
willich03,1935
willich03,1936
willich03,1937
willida03,1953
willide03,2022
willide03,2023
willido03,2003
willido03,2005
williha03,1943
williha03,1945
willije03,1943
willije03,1944
willije03,1945
williji05,1939
williji06,1937
willijo06,1946
willijo06,1947
willima04,1990
willima04,1994
willima04,1995
willima04,1996
willima04,1999
willima09,1943
willima09,1944
willima09,1944
willimi02,1989
willimi03,2002
willimi03,2003
willisc01,1999
willist02,1960
willist02,1960
willite01,1940
willite01,1941
willite01,1942
willite01,1946
willite01,1947
willite01,1948
willite01,1949
willite01,1950
willite01,1951
willite01,1953
willite01,1954
willite01,1955
willite01,1956
willite01,1957
willite01,1958
willite01,1959
willite01,1959
willite01,1960
willite01,1960
williwo02,2003
willsma01,1961
willsma01,1961
willsma01,1962
willsma01,1962
willsma01,1963
willsma01,1965
willsma01,1966
wilsoar02,1944
wilsoar02,1945
wilsoar02,1946
wilsoar02,1947
wilsoar02,1948
wilsobr01,2008
wilsobr01,2010
wilsobr01,2011
wilsocj01,2011
wilsocj01,2012
wilsoda01,1996
wilsoda02,1939
wilsoda02,1941
wilsoda02,1942
wilsodo01,1971
wilsofr02,1943
wilsogl01,1985
wilsoja02,2004
wilsoja04,2025
wilsoji01,1933
wilsoji01,1935
wilsoji02,1954
wilsoji02,1955
wilsoji02,1956
wilsoju99,1933
wilsoju99,1934
wilsoju99,1935
wilsopr01,2003
wilsowi02,1982
wilsowi02,1983
winfida01,1977
winfida01,1978
winfida01,1979
winfida01,1980
winfida01,1981
winfida01,1982
winfida01,1983
winfida01,1984
winfida01,1985
winfida01,1986
winfida01,1987
winfida01,1988
winkeje01,2021
winnra01,2002
wiseri01,1971
wiseri01,1973
wittbo02,2024
wittbo02,2025
wittmi01,1986
wittmi01,1987
wohlema01,1996
wolfra02,2003
womacto01,1997
woobr01,2025
woodal02,2017
woodeha01,1963
woodja03,2025
woodke02,2003
woodke02,2008
woodlge01,1959
woodrbr01,2019
woodrbr01,2021
woodspa01,1937
woodspa01,1938
woodspa01,1939
woodspa01,1940
woodspa01,1940
woodspa01,1941
woodspa01,1942
woodspa01,1945
woodtr01,2013
woodwi01,1971
woodwi01,1972
woodwi01,1974
worreto01,1988
worreto01,1995
worreto01,1996
wrighcl01,1970
wrighda03,2006
wrighda03,2007
wrighda03,2008
wrighda03,2009
wrighda03,2010
wrighda03,2012
wrighda03,2013
wrighjo02,1939
wrighjo02,1943
wrighjo02,1947
wrighst01,2016
wrighwi01,1936
wrighwi01,1937
wrighwi01,1938
wrighwi01,1939
wrighwi01,1939
wrighwi01,1942
wrighwi01,1945
wrighzo01,1935
wrighzo01,1936
wyattjo02,1964
wyattra01,1942
wyattwh01,1939
wyattwh01,1940
wyattwh01,1941
wyattwh01,1942
wynegbu01,1976
wynegbu01,1977
wynnea01,1947
wynnea01,1955
wynnea01,1956
wynnea01,1957
wynnea01,1958
wynnea01,1959
wynnea01,1959
wynnea01,1960
wynnea01,1960
wynnji01,1967
wynnji01,1974
wynnji01,1975
wyrosjo01,1950
wyrosjo01,1951
wyseha01,1945
xiquele01,1944
yamamyo01,2025
yastrca01,1963
yastrca01,1965
yastrca01,1966
yastrca01,1967
yastrca01,1968
yastrca01,1969
yastrca01,1970
yastrca01,1971
yastrca01,1972
yastrca01,1973
yastrca01,1974
yastrca01,1975
yastrca01,1976
yastrca01,1977
yastrca01,1978
yastrca01,1979
yastrca01,1982
yastrca01,1983
yateski01,2019
yateski01,2024
yelicch01,2018
yelicch01,2019
yelicch01,2024
yorkru01,1938
yorkru01,1941
yorkru01,1942
yorkru01,1943
yorkru01,1944
yorkru01,1946
yorkru01,1947
yosted01,1952
youklke01,2008
youklke01,2009
youklke01,2011
youngch03,2007
youngch04,2010
youngdm01,2003
youngdm01,2007
younger01,1996
youngjo02,1981
youngma01,1983
youngmi02,2004
youngmi02,2005
youngmi02,2006
youngmi02,2007
youngmi02,2008
youngmi02,2009
youngmi02,2011
yountro01,1980
yountro01,1982
yountro01,1983
zachrpa01,1978
zakfr01,1944
zambrca01,2004
zambrca01,2006
zambrca01,2008
zarilal01,1948
zernigu01,1953
zimmedo01,1961
zimmedo01,1961
zimmeje02,1999
zimmejo02,2013
zimmejo02,2014
zimmery01,2009
zimmery01,2017
ziskri01,1977
ziskri01,1978
zitoba01,2002
zitoba01,2003
zitoba01,2006
zobribe01,2009
zobribe01,2013
zobribe01,2016
zuninmi01,2021
