franchID,name,active,firstYear,lastYear,seasons,W,L,pennants,titles,teamID,lgID,nameCount,former
ACG,Akron Grays / Cleveland Giants,N,1933,1933,1,3,8,0,0,ACG,NN2,1,
AB,Algona Brownies,N,1903,1903,1,11,4,0,0,AB,WES,1,
AC1,All Cubans,N,1905,1905,1,4,3,0,0,AC1,EAS,1,
AC2,All Cubans,N,1911,1911,1,8,20,0,0,AC2,WES,1,
ALT,Altoona Mountain City,N,1884,1884,1,6,19,0,0,ALT,UA,1,
ARI,Arizona Diamondbacks,Y,1998,2025,28,2167,2267,2,1,ARI,NL,1,
OAK,Athletics,Y,1901,2025,125,9405,9945,15,9,ATH,AL,4,Philadelphia|Kansas City
ATL,Atlanta Braves,Y,1876,2025,150,11190,11035,18,4,ATL,NL,8,Boston|Milwaukee
BG2,Atlantic City Bacharach Giants,N,1923,1929,7,209,205,2,0,ACB,ANL,1,
BBS,Baltimore Black Sox,N,1922,1934,13,308,307,1,0,BBS,NN2,2,
BLC,Baltimore Canaries,NA,1872,1874,3,78,79,0,0,BL1,NA,1,
BEG,Baltimore Elite Giants,N,1930,1948,19,479,468,1,0,BEG,NN2,5,Nashville|Cleveland|Nashville|Columbus|Washington
MAR,Baltimore Marylands,NA,1873,1873,1,0,6,0,0,BL4,NA,1,
BLU,Baltimore Monumentals,N,1884,1884,1,58,47,0,0,BLU,UA,1,
BLO,Baltimore Orioles,N,1882,1899,18,1133,1049,3,0,BLN,NL,1,
BAL,Baltimore Orioles,Y,1901,2025,125,9195,10171,7,3,BAL,AL,3,Milwaukee|St. Louis
BLT,Baltimore Terrapins,N,1914,1915,2,131,177,0,0,BLF,FL,1,
BBB,Birmingham Black Barons,N,1923,1948,19,609,633,3,0,BBB,NAL,1,
BOS,Boston Red Sox,Y,1901,2025,125,10044,9336,14,9,BOS,AL,2,
BNA,Boston Red Stockings,NA,1871,1875,5,225,60,4,0,BS1,NA,1,
BRD,Boston Reds,N,1884,1884,1,58,51,0,0,BSU,UA,1,
BRS,Boston Reds,N,1890,1891,2,174,90,2,0,BS2,AA,1,
BRA,Brooklyn Atlantics,NA,1872,1875,4,50,140,0,0,BR2,NA,1,
ECK,Brooklyn Eckfords,NA,1872,1872,1,3,26,0,0,BR1,NA,1,
BRG,Brooklyn Gladiators,N,1890,1890,1,26,72,0,0,BR4,AA,1,
BR2,Brooklyn Royal Giants,N,1905,1927,22,250,291,2,0,BRG,ECL,1,
BTT,Brooklyn Tip-Tops,N,1914,1915,2,147,159,0,0,BRF,FL,1,
BWW,Brooklyn Ward's Wonders,N,1890,1890,1,76,56,0,0,BRP,PL,1,
BUF,Buffalo Bisons,N,1879,1885,7,314,333,0,0,BFN,NL,1,
BFB,Buffalo Bisons,N,1890,1890,1,36,96,0,0,BFP,PL,1,
BFL,Buffalo Blues,N,1914,1915,2,154,149,0,0,BUF,FL,2,
CAG,Chicago American Giants,N,1911,1948,38,1306,1033,6,2,CAG,NAL,2,
CCG,Chicago Columbia Giants,N,1897,1902,5,9,5,0,0,CCG,WES,2,
CHC,Chicago Cubs,Y,1876,2025,150,11419,10837,17,3,CHN,NL,4,
COG,Chicago Giants,N,1910,1921,5,46,88,0,0,COG,NNL,1,
LEL,Chicago Leland Giants,N,1905,1910,6,66,29,0,0,LEL,WES,1,
CHP,Chicago Pirates,N,1890,1890,1,75,62,0,0,CHP,PL,1,
CIU,Chicago Unions,N,1897,1900,4,22,20,0,0,CU,IND,1,
CHH,Chicago Whales,N,1914,1915,2,173,133,1,0,CHF,FL,2,
CHW,Chicago White Sox,Y,1901,2025,125,9654,9714,6,3,CHA,AL,1,
CNA,Chicago White Stockings,NA,1871,1875,3,77,77,0,0,CH2,NA,1,
CPI,Chicago/Pittsburgh (Union League),N,1884,1884,1,41,50,0,0,CHU,UA,1,
CKK,Cincinnati Kelly's Killers,N,1891,1891,1,43,57,0,0,CN3,AA,1,
COR,Cincinnati Outlaw Reds,N,1884,1884,1,69,36,0,0,CNU,UA,1,
CNR,Cincinnati Reds,N,1876,1880,5,125,217,0,0,CN1,NL,1,
CIN,Cincinnati Reds,Y,1882,2025,144,11017,10845,10,5,CIN,NL,3,
CT,Cincinnati Tigers,N,1937,1937,1,34,19,0,0,CT,NAL,1,
CBL,Cleveland Blues,N,1879,1884,6,242,299,0,0,CL2,NL,1,
CBN,Cleveland Browns,N,1924,1924,1,15,32,0,0,CBN,NNL,1,
CBE,Cleveland Buckeyes,N,1942,1948,7,298,197,2,1,CBE,NAL,2,Cincinnati-Cleveland
CEL,Cleveland Elites,N,1926,1926,1,8,40,0,0,CEL,NNL,1,
CFC,Cleveland Forest Citys,NA,1871,1872,2,16,35,0,0,CL1,NA,1,
CLE,Cleveland Guardians,Y,1901,2025,125,9940,9443,6,2,CLE,AL,5,
CHT,Cleveland Hornets,N,1927,1927,1,12,37,0,0,CHT,NNL,1,
CLI,Cleveland Infants,N,1890,1890,1,55,75,0,0,CLP,PL,1,
CRS,Cleveland Red Sox,N,1934,1934,1,3,22,0,0,CRS,NN2,1,
CLV,Cleveland Spiders,N,1887,1899,13,827,938,0,0,CL4,NL,2,
CL2,Cleveland Stars,N,1932,1932,1,5,11,0,0,CLS,EWL,1,
CTS,Cleveland Tate Stars,N,1922,1922,1,15,24,0,0,CTS,NNL,1,
CTG,Cleveland Tigers,N,1928,1928,1,20,59,0,0,CTG,NNL,1,
COL,Colorado Rockies,Y,1993,2025,33,2364,2818,1,0,COL,NL,1,
CBB,Columbus Blue Birds,N,1933,1933,1,15,25,0,0,CBB,NN2,1,
CBK,Columbus Buckeyes,N,1883,1884,2,101,104,0,0,CL5,AA,1,
COB,Columbus Buckeyes,N,1921,1921,1,31,39,0,0,COB,NNL,1,
CLS,Columbus Solons,N,1889,1891,3,200,209,0,0,CL6,AA,1,
COT,Columbus Turf Club,N,1932,1932,1,3,5,0,0,COT,NSL,1,
CBG,Cuban Giants,N,1891,1907,3,11,13,0,0,CBG,NAC,1,
CSE,Cuban Stars East,N,1916,1929,14,197,248,0,0,CSE,ANL,1,
CSW,Cuban Stars West,N,1906,1930,25,453,649,0,0,CSW,NNL,3,
CXG,Cuban X Giants,N,1897,1906,7,56,48,0,0,CXG,EAS,1,
DYM,Dayton Marcos,N,1920,1926,2,23,73,0,0,DM,NNL,1,
DS,Detroit Stars,N,1919,1931,13,523,428,0,0,DS,NNL,1,
DTS,Detroit Stars,N,1937,1937,1,15,24,0,0,DTS,NAL,1,
DET,Detroit Tigers,Y,1901,2025,125,9763,9642,11,4,DET,AL,1,
DTN,Detroit Wolverines,N,1881,1888,8,426,437,1,1,DTN,NL,1,
DW,Detroit Wolves,N,1932,1932,1,20,5,0,0,DW,EWL,1,
RES,Elizabeth Resolutes,NA,1873,1873,1,2,21,0,0,ELI,NA,1,
KEK,Fort Wayne Kekiongas,NA,1871,1871,1,7,12,0,0,FW1,NA,1,
FLP,French Lick Plutos,N,1913,1913,1,12,16,0,0,FLP,WES,1,
HBG,Harrisburg Giants,N,1924,1927,4,142,107,0,0,HBG,ECL,1,
SNH,Harrisburg-St. Louis Stars,N,1938,1943,5,84,96,0,0,HSS,NN2,4,Indianapolis|St. Louis|St. Louis-New Orleans
HNA,Hartford Dark Blues,NA,1874,1875,2,70,65,0,0,HR1,NA,1,
HAR,Hartford Dark Blues,N,1876,1877,2,78,48,0,0,HAR,NL,1,
HIL,Hilldale Club,N,1918,1932,15,428,331,3,1,HIL,EWL,1,
HG,Homestead Grays,N,1928,1948,21,583,379,9,3,HG,NN2,1,
HOU,Houston Astros,Y,1962,2025,64,5096,5040,5,2,HOU,AL,2,
ABC,Indianapolis ABCs,N,1914,1926,12,383,384,0,0,ABC,NNL,1,
BCA,Indianapolis ABCs/Atlanta Black Crackers,N,1932,1939,3,34,50,0,0,IAB,NAL,2,Atlanta
AB2,Indianapolis ABCs/Detroit Stars,N,1931,1933,3,64,71,0,0,ID,NN2,2,
IA,Indianapolis Athletics,N,1937,1937,1,17,21,0,0,IA,NAL,1,
IBL,Indianapolis Blues,N,1878,1878,1,24,36,0,0,IN1,NL,1,
IC,Indianapolis Clowns,N,1943,1948,6,186,249,0,0,IC,NAL,3,Cincinnati|Cincinnati-Indianapolis
IHO,Indianapolis Hoosiers,N,1884,1884,1,29,78,0,0,IN2,AA,1,
IND,Indianapolis Hoosiers,N,1887,1889,3,146,249,0,0,IN3,NL,1,
JRC,Jacksonville Red Caps,N,1938,1942,5,70,108,0,0,JRC,NAL,2,Jacksonville|Cleveland
KCU,Kansas City Cowboys,N,1884,1884,1,16,63,0,0,KCU,UA,1,
KCN,Kansas City Cowboys,N,1886,1886,1,30,91,0,0,KCN,NL,1,
KCC,Kansas City Cowboys,N,1888,1889,2,98,171,0,0,KC2,AA,1,
KCG,Kansas City Giants,N,1909,1910,2,19,20,0,0,KCG,WES,1,
KCM,Kansas City Monarchs,N,1920,1948,29,1107,614,10,2,KCM,NAL,1,
KCP,Kansas City Packers,N,1914,1915,2,148,156,0,0,KCF,FL,1,
KRG,Kansas City Royal Giants,N,1910,1912,3,10,13,0,0,KRG,WES,1,
KCR,Kansas City Royals,Y,1969,2025,57,4290,4703,4,2,KCA,AL,1,
WES,Keokuk Westerns,NA,1875,1875,1,1,12,0,0,KEO,NA,1,
LRG,Little Rock Grays,N,1932,1932,1,4,11,0,0,LRG,NSL,1,
ANA,Los Angeles Angels of Anaheim,Y,1961,2025,65,5093,5205,1,1,LAA,AL,4,Los Angeles|California|Anaheim
LAD,Los Angeles Dodgers,Y,1884,2025,142,11525,10137,27,9,LAN,NL,8,Brooklyn
LVB,Louisville Black Caps,N,1931,1932,2,29,61,0,0,LVB,NSL,2,
LOU,Louisville Colonels,N,1882,1899,18,993,1320,1,0,LS3,NL,2,
LGR,Louisville Grays,N,1876,1877,2,65,61,0,0,LS1,NL,1,
MRS,Memphis Red Sox,N,1923,1948,20,557,781,1,0,MRS,NAL,1,
FLA,Miami Marlins,Y,1993,2025,33,2382,2792,2,2,MIA,NL,2,Florida
MAN,Middletown Mansfields,NA,1872,1872,1,5,19,0,0,MID,NA,1,
MB,Milwaukee Bears,N,1923,1923,1,11,42,0,0,MB,NNL,1,
MLU,Milwaukee Brewers,N,1884,1884,1,8,4,0,0,MLU,UA,1,
MLA,Milwaukee Brewers,N,1891,1891,1,21,15,0,0,ML3,AA,1,
MIL,Milwaukee Brewers,Y,1969,2025,57,4405,4595,1,0,MIL,NL,2,Seattle
MLG,Milwaukee Grays,N,1878,1878,1,15,45,0,0,ML2,NL,1,
MIN,Minnesota Twins,Y,1901,2025,125,9329,10047,6,3,MIN,AL,2,Washington
MRM,Monroe Monarchs,N,1932,1932,1,34,14,0,0,MRM,NSL,1,
MGS,Montgomery Grey Sox,N,1932,1932,1,22,24,0,0,MGS,NSL,1,
NHV,New Haven Elm Citys,NA,1875,1875,1,7,40,0,0,NH1,NA,1,
BG1,New York Bacharach Giants,N,1918,1922,5,118,109,0,0,NYB,IND,2,Atlantic City
NBY,New York Black Yankees,N,1931,1948,18,190,395,0,0,NBY,NN2,2,Harlem
NYC,New York Cubans,N,1935,1948,12,220,232,1,1,NYC,NN2,1,
NYI,New York Giants,N,1890,1890,1,74,57,0,0,NYP,PL,1,
GOR,New York Gorhams,N,1891,1891,1,8,5,0,0,GOR,IND,1,
NLG,New York Lincoln Giants,N,1911,1930,20,341,287,0,0,NLG,IND,1,
NLS,New York Lincoln Stars,N,1914,1916,3,39,36,0,0,NLS,EAS,1,
NYP,New York Metropolitans,N,1883,1887,5,270,309,1,0,NY4,AA,1,
NYM,New York Mets,Y,1962,2025,64,4899,5227,5,2,NYN,NL,1,
NNA,New York Mutuals,NA,1871,1875,5,151,122,0,0,NY2,NA,1,
NYU,New York Mutuals,N,1876,1876,1,21,35,0,0,NY3,NL,1,
NYY,New York Yankees,Y,1901,2025,125,10990,8369,41,27,NYA,AL,3,Baltimore
NWB,Newark Browns,N,1932,1932,1,0,4,0,0,NWB,EWL,1,
ND,Newark Dodgers,N,1934,1935,2,34,59,0,0,ND,NN2,1,
NE,Newark Eagles,N,1935,1948,14,397,323,1,1,NE,NN2,2,Brooklyn
NEW,Newark Pepper,N,1914,1915,2,168,137,1,0,NEW,FL,2,Indianapolis
NS,Newark Stars,N,1926,1926,1,1,10,0,0,NS,ECL,1,
OKM,Oklahoma Monarchs,N,1910,1910,1,3,8,0,0,OKM,WES,1,
PNA,Philadelphia Athletics,NA,1871,1875,5,165,86,1,0,PH1,NA,1,
ATH,Philadelphia Athletics,N,1876,1876,1,14,45,0,0,PHN,NL,1,
PHA,Philadelphia Athletics,N,1882,1890,9,560,498,1,0,PH4,AA,1,
PHQ,Philadelphia Athletics,N,1890,1891,2,141,129,0,0,PH4,AA,1,
PBG,Philadelphia Bacharach Giants,N,1934,1934,1,5,20,0,0,PBG,NN2,1,
CEN,Philadelphia Centennials,NA,1875,1875,1,2,12,0,0,PH3,NA,1,
PG,Philadelphia Giants,N,1903,1911,9,97,86,1,0,PG,EAS,1,
PHK,Philadelphia Keystones,N,1884,1884,1,21,46,0,0,PHU,UA,1,
PHI,Philadelphia Phillies,Y,1883,2025,143,10303,11392,8,2,PHI,NL,3,
QG,Philadelphia Quaker Giants,N,1906,1906,1,14,8,0,0,QG,EAS,1,
PS,Philadelphia Stars,N,1933,1948,16,417,422,1,0,PS,NN2,1,
PTG,Philadelphia Tigers,N,1928,1928,1,2,3,0,0,PTG,ECL,1,
PWS,Philadelphia Whites,NA,1873,1875,3,102,77,0,0,PH2,NA,1,
PBB,Pittsburgh Burghers,N,1890,1890,1,60,68,0,0,PTP,PL,1,
PBK,Pittsburgh Keystones,N,1922,1922,1,12,24,0,0,PK,NNL,1,
PIT,Pittsburgh Pirates,Y,1882,2025,144,10910,10910,9,5,PIT,NL,2,
PBS,Pittsburgh Rebels,N,1914,1915,2,150,153,0,0,PTF,FL,1,
CUP,Pollock's Cuban Stars,N,1932,1932,1,10,12,0,0,CUP,EWL,1,
PRO,Providence Grays,N,1878,1885,8,438,278,2,1,PRO,NL,1,
RIC,Richmond Virginians,N,1884,1884,1,12,30,0,0,RIC,AA,1,
ROC,Rochester Broncos,N,1890,1890,1,63,63,0,0,RC2,AA,1,
ROK,Rockford Forest Citys,NA,1871,1871,1,4,21,0,0,RC1,NA,1,
SDP,San Diego Padres,Y,1969,2025,57,4217,4789,2,0,SDN,NL,1,
SFG,San Francisco Giants,Y,1883,2025,143,11622,10100,23,10,SFN,NL,3,New York
MOH,Schenectady Mohawk Giants,N,1913,1913,1,8,8,0,0,MOH,EAS,1,
SEA,Seattle Mariners,Y,1977,2025,49,3689,4022,0,0,SEA,AL,1,
SNA,St. Louis Brown Stockings,NA,1875,1875,1,39,29,0,0,SL2,NA,1,
SBS,St. Louis Brown Stockings,N,1876,1877,2,73,51,0,0,SL3,NL,1,
STL,St. Louis Cardinals,Y,1882,2025,144,11363,10486,23,12,SLN,NL,4,
SLM,St. Louis Maroons,N,1884,1886,3,173,170,1,0,SL5,NL,1,
SLR,St. Louis Red Stockings,NA,1875,1875,1,4,15,0,0,SL1,NA,1,
SLS,St. Louis Stars,N,1911,1931,16,650,445,3,0,SLS,NNL,2,
SL2,St. Louis Stars,N,1937,1937,1,5,31,0,0,SL2,NAL,1,
SLI,St. Louis Terriers,N,1914,1915,2,149,156,0,0,SLF,FL,1,
SPG,St. Paul Gophers,N,1909,1909,1,11,2,0,0,SPG,WES,1,
STP,St. Paul White Caps,N,1884,1884,1,2,6,0,0,SPU,UA,1,
SC1,Stars of Cuba,N,1910,1910,1,10,18,0,0,SC1,WES,1,
SYR,Syracuse Stars,N,1879,1879,1,22,48,0,0,SR1,NL,1,
SYS,Syracuse Stars,N,1890,1890,1,55,72,0,0,SR2,AA,1,
TBD,Tampa Bay Rays,Y,1998,2025,28,2168,2264,2,0,TBA,AL,2,
TEX,Texas Rangers,Y,1961,2025,65,4899,5383,3,1,TEX,AL,2,Washington
TOL,Toledo Blue Stockings,N,1884,1884,1,46,58,0,0,TL1,AA,1,
TLM,Toledo Maumees,N,1890,1890,1,68,64,0,0,TL2,AA,1,
TT,Toledo Tigers,N,1923,1923,1,10,17,0,0,TT,NNL,1,
PC,Toledo-Indianapolis Crawfords,N,1932,1940,9,287,228,2,0,TIC,NAL,3,Pittsburgh|Toledo
TOR,Toronto Blue Jays,Y,1977,2025,49,3855,3856,3,2,TOR,AL,1,
TRO,Troy Haymakers,NA,1871,1872,2,28,25,0,0,TRO,NA,1,
TRT,Troy Trojans,N,1879,1882,4,134,191,0,0,TRN,NL,1,
SEN,Washington Black Senators,N,1938,1938,1,2,19,0,0,SEN,NN2,1,
WBL,Washington Blue Legs,NA,1873,1873,1,8,31,0,0,WS5,NA,1,
NAT,Washington Nationals,NA,1872,1872,1,0,11,0,0,WS4,NA,1,
WNT,Washington Nationals,NA,1875,1875,1,5,23,0,0,WS6,NA,1,
WST,Washington Nationals,N,1884,1884,1,12,51,0,0,WS7,AA,1,
WNA,Washington Nationals,N,1884,1884,1,47,65,0,0,WSU,UA,1,
WNL,Washington Nationals,N,1886,1889,4,163,337,0,0,WS8,NL,1,
WSN,Washington Nationals,Y,1969,2025,57,4331,4665,1,1,WAS,NL,2,Montreal
OLY,Washington Olympics,NA,1871,1872,2,17,22,0,0,WS3,NA,1,
WAP,Washington Pilots,N,1932,1932,1,12,22,0,0,WAP,EWL,1,
WAS,Washington Senators,N,1891,1899,9,454,788,0,0,WAS,NL,2,
WBS,West Baden Sprudels,N,1910,1913,4,43,58,0,0,WBS,WES,1,
WP,Wilmington Potomacs,N,1924,1925,2,31,59,0,0,WMP,ECL,2,Washington
WIL,Wilmington Quicksteps,N,1884,1884,1,2,16,0,0,WIL,UA,1,
WOR,Worcester Ruby Legs,N,1880,1882,3,90,159,0,0,WOR,NL,1,
