playerID,yearid,votedBy,category
aaronha01,1982,BBWAA,Player
alexape01,1938,BBWAA,Player
allendi01,2025,Classic Baseball Era,Player
alomaro01,2011,BBWAA,Player
alstowa01,1983,Veterans,Manager
andersp01,2000,Veterans,Manager
ansonca01,1939,Old Timers,Player
aparilu01,1984,BBWAA,Player
applilu01,1964,Run Off,Player
ashburi01,1995,Veterans,Player
averiea01,1975,Veterans,Player
bagweje01,2017,BBWAA,Player
baineha01,2019,Veterans - Today's Game Era,Player
bakerfr01,1955,Veterans,Player
bancrda01,1971,Veterans,Player
bankser01,1977,BBWAA,Player
barlial99,1989,Veterans,Umpire
barroed99,1953,Veterans,Executive
becklja01,1971,Veterans,Player
bellco99,1974,Negro League,Player
beltrad01,2024,BBWAA,Player
benchjo01,1989,BBWAA,Player
bendech01,1953,Veterans,Player
berrayo01,1972,BBWAA,Player
biggicr01,2015,BBWAA,Player
blylebe01,2011,BBWAA,Player
boggswa01,2005,BBWAA,Player
bottoji01,1974,Veterans,Player
boudrlo01,1970,BBWAA,Player
bresnro01,1945,Old Timers,Player
brettge01,1999,BBWAA,Player
brocklo01,1985,BBWAA,Player
broutda01,1945,Old Timers,Player
brownmo01,1949,Old Timers,Player
brownra99,2006,Negro League,Player
brownwi02,2006,Negro League,Player
bulkemo99,1937,Centennial,Pioneer/Executive
bunniji01,1996,Veterans,Player
burkeje01,1946,Old Timers,Player
camparo01,1969,BBWAA,Player
carewro01,1991,BBWAA,Player
careyma01,1961,Veterans,Player
carltst01,1994,BBWAA,Player
cartega01,2003,BBWAA,Player
cartwal99,1938,Centennial,Pioneer/Executive
cepedor01,1999,Veterans,Player
chadwhe99,1938,Centennial,Pioneer/Executive
chancfr01,1946,Old Timers,Player
chandha99,1982,Veterans,Executive
charlos99,1976,Negro League,Player
chesbja01,1946,Old Timers,Player
chylane99,1999,Veterans,Umpire
clarkfr01,1945,Old Timers,Player
clarkjo01,1963,Veterans,Player
clemero01,1973,Special Election,Player
cobbty01,1936,BBWAA,Player
cochrmi01,1947,BBWAA,Player
collied01,1939,BBWAA,Player
colliji01,1945,Old Timers,Player
combsea01,1970,Veterans,Player
comisch01,1939,Old Timers,Pioneer/Executive
conlajo01,1974,Veterans,Umpire
connoro01,1976,Veterans,Player
connoto01,1953,Veterans,Umpire
connoto99,1953,Veterans,Umpire
coopean99,2006,Negro League,Player
covelst01,1969,Veterans,Player
coxbo01,2014,Veterans - Expansion Era,Manager
crawfsa01,1957,Veterans,Player
cronijo01,1956,BBWAA,Player
cummica01,1939,Old Timers,Pioneer/Executive
cuyleki01,1968,Veterans,Player
dandrra99,1987,Veterans,Player
davisge01,1998,Veterans,Player
dawsoan01,2010,BBWAA,Player
dayle99,1995,Veterans,Player
deandi01,1953,BBWAA,Player
delahed01,1945,Old Timers,Player
dickebi01,1954,BBWAA,Player
dihigma99,1977,Negro League,Player
dimagjo01,1955,BBWAA,Player
dobyla01,1998,Veterans,Player
doerrbo01,1986,Veterans,Player
dreyfba99,2008,Veterans - Executives,Executive
drysddo01,1984,BBWAA,Player
duffyhu01,1945,Old Timers,Player
durocle01,1994,Veterans,Manager
eckerde01,2004,BBWAA,Player
evansbi99,1973,Veterans,Umpire
eversjo01,1946,Old Timers,Player
ewingbu01,1939,Old Timers,Player
faberre01,1964,Veterans,Player
fellebo01,1962,BBWAA,Player
ferreri01,1984,Veterans,Player
fingero01,1992,BBWAA,Player
fiskca01,2000,BBWAA,Player
flickel01,1963,Veterans,Player
fordwh01,1974,BBWAA,Player
fostebi99,1996,Veterans,Player
fosteru99,1981,Veterans,Manager
fowlebu99,2022,Veterans - Early Baseball Era,Executive
foxne01,1997,Veterans,Player
foxxji01,1951,BBWAA,Player
frickfo99,1970,Veterans,Executive
friscfr01,1947,BBWAA,Player
galvipu01,1965,Veterans,Player
gehrich01,1949,Run Off,Player
gehrilo01,1939,Special Election,Player
gibsobo01,1981,BBWAA,Player
gibsojo99,1972,Negro League,Player
gileswa99,1979,Veterans,Executive
gillipa99,2011,Veterans - Expansion Era,Executive
glavito02,2014,BBWAA,Player
gomezle01,1972,Veterans,Player
gordojo01,2009,Veterans - Pre-1943,Player
gosligo01,1968,Veterans,Player
gossari01,2008,BBWAA,Player
grantfr99,2006,Negro League,Player
greenha01,1956,BBWAA,Player
griffcl01,1946,Old Timers,Player
griffke02,2016,BBWAA,Player
grimebu01,1964,Veterans,Player
grovele01,1947,BBWAA,Player
guerrvl01,2018,BBWAA,Player
gwynnto01,2007,BBWAA,Player
hafeych01,1971,Veterans,Player
haineje01,1970,Veterans,Player
hallaro01,2019,BBWAA,Player
hamilbi01,1961,Veterans,Player
hanlone01,1996,Veterans,Manager
harribu01,1975,Veterans,Manager
harriwi99,1972,Veterans,Executive
hartnga01,1955,BBWAA,Player
harvedo99,2010,Veterans - Managers and Umpires,Umpire
heilmha01,1952,BBWAA,Player
heltoto01,2024,BBWAA,Player
henderi01,2009,BBWAA,Player
hermabi01,1975,Veterans,Player
herzowh01,2010,Veterans - Managers and Umpires,Manager
hillpe99,2006,Negro League,Player
hodgegi01,2022,Veterans - Golden Age Era,Player
hoffmtr01,2018,BBWAA,Player
hoopeha01,1971,Veterans,Player
hornsro01,1942,BBWAA,Player
hoytwa01,1969,Veterans,Player
hubbaca99,1976,Veterans,Umpire
hubbeca01,1947,BBWAA,Player
huggimi01,1964,Veterans,Manager
hulbewi99,1995,Veterans,Pioneer
hunteca01,1987,BBWAA,Player
irvinmo01,1973,Negro League,Player
jacksre01,1993,BBWAA,Player
jackstr01,1982,Veterans,Player
jenkife01,1991,BBWAA,Player
jennihu01,1945,Old Timers,Player
jeterde01,2020,BBWAA,Player
johnsba99,1937,Centennial,Pioneer/Executive
johnsju99,1975,Negro League,Player
johnsra05,2015,BBWAA,Player
johnswa01,1936,BBWAA,Player
jonesch06,2018,BBWAA,Player
jossad01,1978,Veterans,Player
kaatji01,2022,Veterans - Golden Age Era,Player
kalinal01,1980,BBWAA,Player
keefeti01,1964,Veterans,Player
keelewi01,1939,BBWAA,Player
kellejo01,1971,Veterans,Player
kellge01,1983,Veterans,Player
kellyge01,1973,Veterans,Player
kellyki01,1945,Old Timers,Player
kentje01,2026,Contemporary Baseball Era,Player
killeha01,1984,BBWAA,Player
kinerra01,1975,BBWAA,Player
kleinch01,1980,Veterans,Player
klembi99,1953,Veterans,Umpire
koufasa01,1972,BBWAA,Player
kuhnbo99,2008,Veterans - Executives,Executive
lajoina01,1937,BBWAA,Player
landike99,1944,Old Timers,Pioneer/Executive
larkiba01,2012,BBWAA,Player
larusto01,2014,Veterans - Expansion Era,Manager
lasorto01,1997,Veterans,Manager
lazzeto01,1991,Veterans,Player
lemonbo01,1976,BBWAA,Player
leonabu99,1972,Negro League,Player
leylaji99,2024,Contemporary Baseball Era Non-Players,Manager
lindsfr01,1976,Veterans,Player
lloydpo99,1977,Negro League,Player
lombaer01,1986,Veterans,Player
lopezal01,1977,Veterans,Manager
lyonste01,1955,BBWAA,Player
mackco01,1937,Centennial,Manager
mackebi99,2006,Negro League,Player
macphla99,1978,Veterans,Executive
macphle99,1998,Veterans,Executive
maddugr01,2014,BBWAA,Player
manleef99,2006,Negro League,Executive
mantlmi01,1974,BBWAA,Player
manushe01,1964,Veterans,Player
maranra01,1954,BBWAA,Player
maricju01,1983,BBWAA,Player
marquru01,1971,Veterans,Player
martied01,2019,BBWAA,Player
martipe02,2015,BBWAA,Player
mathech01,1936,BBWAA,Player
matheed01,1978,BBWAA,Player
mauerjo01,2024,BBWAA,Player
mayswi01,1979,BBWAA,Player
mazerbi01,2001,Veterans,Player
mccarjo99,1957,Veterans,Manager
mccarto01,1946,Old Timers,Player
mccovwi01,1986,BBWAA,Player
mcginjo01,1946,Old Timers,Player
mcgowbi99,1992,Veterans,Umpire
mcgrajo01,1937,Veterans,Manager
mcgrifr01,2023,Contemporary Era,Player
mckecbi01,1962,Veterans,Manager
mcphebi01,2000,Veterans,Player
medwijo01,1968,BBWAA,Player
mendejo99,2006,Negro League,Player
millema99,2020,Veterans - Modern Baseball Era,Executive
minosmi01,2022,Veterans - Golden Age Era,Player
mizejo01,1981,Veterans,Player
molitpa01,2004,BBWAA,Player
morgajo02,1990,BBWAA,Player
morrija02,2018,Veterans - Modern Baseball Era,Player
murraed02,2003,BBWAA,Player
musiast01,1969,BBWAA,Player
mussimi01,2019,BBWAA,Player
newhoha01,1992,Veterans,Player
nichoki01,1949,Old Timers,Player
niekrph01,1997,BBWAA,Player
odayha01,2013,Veterans - Pre-Integration Era,Umpire
olivato01,2022,Veterans - Golden Age Era,Player
omallwa99,2008,Veterans - Executives,Executive
oneilbu01,2022,Veterans - Early Baseball Era,Executive
orourji01,1945,Old Timers,Player
ortizda01,2022,BBWAA,Player
ottme01,1951,BBWAA,Player
paigesa01,1971,Negro League,Player
palmeji01,1990,BBWAA,Player
parkeda01,2025,Classic Baseball Era,Player
pennohe01,1948,BBWAA,Player
perezto01,2000,BBWAA,Player
perryga01,1991,BBWAA,Player
piazzmi01,2016,BBWAA,Player
planked01,1946,Old Timers,Player
pompeal99,2006,Negro League,Executive
poseycu99,2006,Negro League,Executive
puckeki01,2001,BBWAA,Player
radboch01,1939,Old Timers,Player
raineti01,2017,BBWAA,Player
reesepe01,1984,Veterans,Player
riceji01,2009,BBWAA,Player
ricesa01,1963,Veterans,Player
rickebr01,1967,Veterans,Executive
ripkeca01,2007,BBWAA,Player
riverma01,2019,BBWAA,Player
rixeyep01,1963,Veterans,Player
rizzuph01,1994,Veterans,Player
roberro01,1976,BBWAA,Player
robinbr01,1983,BBWAA,Player
robinfr02,1982,BBWAA,Player
robinja02,1962,BBWAA,Player
robinwi01,1945,Old Timers,Manager
rodriiv01,2017,BBWAA,Player
roganbu99,1998,Veterans,Player
rolensc01,2023,BBWAA,Player
roushed01,1962,Veterans,Player
ruffire01,1967,Run Off,Player
ruperja99,2013,Veterans - Pre-Integration Era,Executive
rusieam01,1977,Veterans,Player
ruthba01,1936,BBWAA,Player
ryanno01,1999,BBWAA,Player
sabatcc01,2025,BBWAA,Player
sandbry01,2005,BBWAA,Player
santolo99,2006,Negro League,Player
santoro01,2012,Veterans - Golden Era,Player
schalra01,1955,Veterans,Player
schmimi01,1995,BBWAA,Player
schoere01,1989,Veterans,Player
schurjo99,2017,Veterans - Today's Game Era,Executive
seaveto01,1992,BBWAA,Player
seleefr99,1999,Veterans,Manager
seligbu99,2017,Veterans - Today's Game Era,Executive
seweljo01,1977,Veterans,Player
simmoal01,1953,BBWAA,Player
simmote01,2020,Veterans - Modern Baseball Era,Player
sislege01,1939,BBWAA,Player
slaugen01,1985,Veterans,Player
smithhi99,2001,Veterans,Player
smithle02,2019,Veterans - Today's Game Era,Player
smithoz01,2002,BBWAA,Player
smoltjo01,2015,BBWAA,Player
snidedu01,1980,BBWAA,Player
southbi01,2008,Veterans - Managers and Umpires,Manager
spahnwa01,1973,BBWAA,Player
spaldal01,1939,Old Timers,Pioneer/Executive
speaktr01,1937,BBWAA,Player
stargwi01,1988,BBWAA,Player
steartu99,2000,Veterans,Player
stengca01,1966,Veterans,Manager
suttebr01,2006,BBWAA,Player
suttlmu99,2006,Negro League,Player
suttodo01,1998,BBWAA,Player
suzukic01,2025,BBWAA,Player
taylobe99,2006,Negro League,Player
terrybi01,1954,BBWAA,Player
thomafr04,2014,BBWAA,Player
thomeji01,2018,BBWAA,Player
thompsa01,1974,Veterans,Player
tinkejo01,1946,Old Timers,Player
torrejo01,2014,Veterans - Expansion Era,Manager
torricr99,2006,Negro League,Player
trammal01,2018,Veterans - Modern Baseball Era,Player
traynpi01,1948,BBWAA,Player
vanceda01,1955,BBWAA,Player
vaughar01,1985,Veterans,Player
veeckbi99,1991,Veterans,Executive
wadderu01,1946,Old Timers,Player
wagnebi02,2025,BBWAA,Player
wagneho01,1936,BBWAA,Player
walkela01,2020,BBWAA,Player
wallabo01,1953,Veterans,Player
walshed01,1946,Old Timers,Player
wanerll01,1967,Veterans,Player
wanerpa01,1952,BBWAA,Player
wardjo01,1964,Veterans,Player
weaveea99,1996,Veterans,Manager
weissge99,1971,Veterans,Executive
welchmi01,1973,Veterans,Player
wellswi99,1997,Veterans,Player
wheatza01,1959,Veterans,Player
whitede01,2013,Veterans - Pre-Integration Era,Player
whiteso99,2006,Negro League,Executive
wilheho01,1985,BBWAA,Player
wilkijl99,2006,Negro League,Executive
willibi01,1987,BBWAA,Player
willidi02,2008,Veterans - Managers and Umpires,Manager
willijo99,1999,Veterans,Player
willite01,1966,BBWAA,Player
willivi01,1995,Veterans,Player
wilsoha01,1979,Veterans,Player
wilsoju99,2006,Negro League,Player
winfida01,2001,BBWAA,Player
wrighge01,1937,Centennial,Pioneer/Executive
wrighha01,1953,Veterans,Pioneer
wynnea01,1972,BBWAA,Player
yastrca01,1989,BBWAA,Player
yawketo99,1980,Veterans,Executive
youngcy01,1937,BBWAA,Player
youngro01,1972,Veterans,Player
yountro01,1999,BBWAA,Player
